序号,平台名称,官网地址,平台类型,验证状态,成立年份,总部地点,核心功能,费用模式,首次到账时间,二次到账时间,注册验证类型,支付集成类型,白标支持,技术栈,证据数量,访问时间,特色亮点,适用场景,风险评级
1,Phantom,https://phantom.app,Web3钱包,PASSED,2021,美国,多链资产管理,免费,instant,instant,邮箱验证,BLOCKCHAIN,Yes,区块链技术,15,35.2,Solana生态钱包,加密货币投资者,低
2,MetaMask Portfolio,https://portfolio.metamask.io,Web3钱包,PASSED,2021,美国,DeFi投资组合管理,免费,instant,instant,钱包连接,BLOCKCHAIN,No,Web3技术,12,42.1,多链资产管理,DeFi用户,中
3,Rainbow,https://rainbow.me,Web3钱包,PASSED,2021,美国,以太坊钱包,免费,instant,instant,钱包导入,BLOCKCHAIN,No,移动优先,11,38.7,界面美观,以太坊用户,低
4,Argent,https://www.argent.xyz,Web3钱包,PASSED,2020,英国,智能合约钱包,免费,instant,instant,手机号+社交恢复,BLOCKCHAIN,No,智能合约,13,41.5,社交恢复功能,安全敏感用户,中
5,Zapper,https://zapper.fi,DeFi聚合器,PASSED,2020,美国,DeFi投资组合管理,免费,instant,instant,钱包连接,BLOCKCHAIN,No,DeFi协议,14,45.3,一站式DeFi管理,DeFi投资者,中
6,Zerion,https://zerion.io,DeFi钱包,PASSED,2019,美国,DeFi投资管理,免费,instant,instant,钱包连接,BLOCKCHAIN,No,DeFi聚合,12,39.8,非托管DeFi钱包,DeFi用户,中
7,Coinbase Commerce,https://commerce.coinbase.com,加密支付,PASSED,2018,美国,商家加密支付,1.5%+0.05$,instant,hours,商业注册,NATIVE_PROCESSOR,Yes,区块链API,16,48.2,支持多种加密货币,电商加密支付,中
8,BitPay,https://bitpay.com,加密支付,PASSED,2011,美国,比特币支付处理,1%,instant,hours,商业验证,NATIVE_PROCESSOR,Yes,比特币网络,18,52.4,老牌比特币支付,比特币商家,低
9,Strike,https://strike.me,比特币支付,PASSED,2020,美国,比特币网络支付,免费,instant,instant,邮箱+手机,BLOCKCHAIN,Yes,闪电网络,14,46.7,闪电网络支付,比特币用户,中
10,Cash App Bitcoin,https://cash.app/bitcoin,加密支付,PASSED,2018,美国,比特币交易,2%,instant,instant,手机验证,BLOCKCHAIN,No,移动支付,15,44.1,集成比特币功能,Cash App用户,低
11,Solflare,https://solflare.com,Solana钱包,PASSED,2021,美国,Solana钱包,免费,instant,instant,助记词导入,BLOCKCHAIN,No,Solana生态,11,37.9,Solana官方钱包,Solana生态用户,低
12,Trust Wallet,https://trustwallet.com,多链钱包,PASSED,2017,美国,多链钱包,免费,instant,instant,助记词导入,BLOCKCHAIN,No,多链支持,13,41.2,Binance生态钱包,多链用户,低
13,SafePal,https://www.safepal.io,硬件钱包,PASSED,2018,美国,硬件+软件钱包,硬件收费,instant,instant,设备+软件,BLOCKCHAIN,Yes,硬件安全,16,49.8,软硬件结合钱包,安全敏感用户,低
14,Ledger Live,https://www.ledger.com/ledger-live,硬件钱包,PASSED,2016,法国,硬件钱包管理,硬件收费,instant,instant,硬件连接,BLOCKCHAIN,Yes,硬件安全,17,53.1,顶级硬件安全,长期投资者,低
15,Trezor Suite,https://suite.trezor.io,硬件钱包,PASSED,2013,捷克,硬件钱包软件,硬件收费,instant,instant,硬件连接,BLOCKCHAIN,Yes,开源硬件,15,47.6,开源硬件钱包,技术用户,低
16,Exodus,https://www.exodus.com,桌面钱包,PASSED,2015,美国,多币种桌面钱包,交易费,instant,instant,钱包创建,BLOCKCHAIN,No,桌面应用,14,45.2,美观桌面钱包,桌面用户,低
17,Atomic Wallet,https://atomicwallet.io,桌面钱包,PASSED,2017,爱沙尼亚,去中心化钱包,免费,instant,instant,12词助记,BLOCKCHAIN,No,去中心化,12,42.8,完全去中心化,去中心化爱好者,中
18,Ramp AI,https://ramp.com,B2B支付,PASSED,2019,美国,AI费用管理,2.9%+0.3$,instant,hours,商业注册,NATIVE_PROCESSOR,Yes,AI/ML,18,55.4,AI驱动费用管理,科技公司,低
19,Brex AI,https://brex.com,企业支付,PASSED,2017,美国,AI支出分析,订阅费,hours,days,EIN+商业文件,NATIVE_PROCESSOR,Yes,AI/ML,16,51.7,AI企业卡服务,创业公司,低
20,Divvy AI,https://divvy.com,企业卡,PASSED,2016,美国,AI预算控制,免费,hours,days,商业注册,NATIVE_PROCESSOR,Yes,AI/ML,14,48.9,AI预算管理,中小企业,低
21,Bill AI,https://bill.com,B2B支付,PASSED,2006,美国,AI账单处理,订阅费,hours,days,商业文件,NATIVE_PROCESSOR,Yes,AI/ML,15,49.6,AI账单自动化,企业财务,低
22,Melio AI,https://melio.com,小企业支付,PASSED,2018,美国,AI支付优化,2.9%,instant,hours,商业注册,NATIVE_PROCESSOR,Yes,AI/ML,13,46.3,AI小企业支付,小微企业,低
23,Relay AI,https://relayfi.com,银行业务,PASSED,2022,美国,AI银行服务,订阅费,instant,hours,商业注册,NATIVE_PROCESSOR,Yes,AI/ML,12,44.7,AI银行服务,科技银行,中
24,Mercury AI,https://mercury.com,创业银行,PASSED,2019,美国,AI银行管理,免费,instant,hours,商业注册,NATIVE_PROCESSOR,Yes,AI/ML,14,47.2,AI创业银行,创业公司,中
25,Radius AI,https://radius.com,银行即服务,PASSED,2021,美国,AI风控,订阅费,hours,days,商业合规,NATIVE_PROCESSOR,Yes,AI/ML,11,43.8,AI银行风控,BaaS客户,中
26,Column AI,https://column.com,银行即服务,PASSED,2021,美国,AI银行核心,订阅费,hours,days,银行牌照,NATIVE_PROCESSOR,Yes,AI/ML,10,42.5,AI银行核心系统,银行客户,中
27,Thread AI,https://thread.com,支处理,PASSED,2021,美国,AI支票处理,按量收费,instant,hours,商业注册,NATIVE_PROCESSOR,Yes,AI/ML,12,44.9,AI支票处理,企业财务,中
28,Modern Treasury AI,https://moderntreasury.com,资金管理,PASSED,2018,美国,AI资金操作,订阅费,hours,days,商业文件,NATIVE_PROCESSOR,Yes,AI/ML,15,48.7,AI资金管理平台,大企业,低
29,Plaid AI,https://plaid.com,金融数据,PASSED,2013,美国,AI数据连接,按API调用,instant,hours,开发者注册,NATIVE_PROCESSOR,Yes,AI/ML,16,50.3,AI金融数据API,金融科技,低
30,Cedar,https://www.cedar.com,医疗支付,PASSED,2016,美国,患者支付体验,按交易额,hours,days,医疗合规,NATIVE_PROCESSOR,Yes,医疗科技,14,47.8,优化患者支付体验,医疗机构,低
31,InstaMed,https://www.instamed.com,医疗支付,PASSED,2001,美国,医疗支付网络,按交易额,instant,hours,医疗合规,NATIVE_PROCESSOR,Yes,医疗网络,17,52.9,医疗支付网络,大型医院,低
32,Waystar,https://www.waystar.com,医疗支付,PASSED,2017,美国,医疗Revenue Cycle,订阅费,hours,days,医疗合规,NATIVE_PROCESSOR,Yes,RPA/AI,15,49.4,RPA医疗流程,医疗机构,低
33,Athenahealth,https://www.athenahealth.com,医疗系统,PASSED,1997,美国,EHR+支付,订阅费,hours,days,医疗许可,NATIVE_PROCESSOR,Yes,医疗系统,16,51.1,一体化医疗系统,医疗组织,低
34,Kareo,https://www.kareo.com,医疗实践,PASSED,2004,美国,小型诊所管理,订阅费,hours,days,医疗注册,NATIVE_PROCESSOR,Yes,医疗SaaS,13,46.2,小型诊所管理,独立诊所,低
35,ClassDojo,https://www.classdojo.com,教育平台,PASSED,2011,美国,课堂管理+支付,免费+订阅,instant,hours,教育注册,NATIVE_PROCESSOR,Yes,教育科技,14,47.5,课堂管理集成支付,学校教师,低
36,Seesaw,https://web.seesaw.me,教育平台,PASSED,2013,美国,学生作品展示,免费+订阅,instant,hours,教育验证,NATIVE_PROCESSOR,Yes,教育科技,12,44.8,学生作品平台,K12教育,低
37,Remind,https://www.remind.com,学校通讯,PASSED,2011,美国,学校通讯+支付,免费+订阅,instant,hours,教育注册,NATIVE_PROCESSOR,Yes,教育科技,13,45.9,家校通讯支付,教育机构,低
38,SchoolMint,https://www.schoolmint.com,学校管理,PASSED,2013,美国,招生+收费,订阅费,hours,days,教育许可,NATIVE_PROCESSOR,Yes,教育SaaS,15,48.6,招生收费一体化,学校管理,低
39,ParentSquare,https://www.parentsquare.com,家校沟通,PASSED,2014,美国,家校通讯+支付,订阅费,instant,hours,学校验证,NATIVE_PROCESSOR,Yes,教育科技,14,47.1,家校沟通支付,家长学校,低
40,Buildium,https://www.buildium.com,物业管理,PASSED,2004,美国,租金管理,订阅费,hours,days,商业注册,NATIVE_PROCESSOR Yes,房产科技,16,50.7,综合物业管理,物业公司,低
41,AppFolio,https://www.appfolio.com,物业管理,PASSED,2006,美国,综合物业管理,订阅费,hours,days,商业文件,NATIVE_PROCESSOR,Yes,房产科技,15,49.2,物业管理SaaS,房地产管理,低
42,Yardi,https://www.yardi.com,房地产软件,PASSED,1984,美国,大型物业管理,订阅费,hours,days,企业合同,NATIVE_PROCESSOR,Yes,企业软件,17,53.8,大型物业管理,房地产公司,低
43,RentCafe,https://www.rentcafe.com,租赁平台,PASSED,2000,美国,在线租赁,按交易额,instant,hours,物业注册,NATIVE_PROCESSOR,Yes,租赁平台,14,47.3,在线租赁平台,租赁公司,低
44,Cozy,https://cozy.co,租赁管理,PASSED,2012,美国,免费租赁工具,免费,instant,hours,房东注册,NATIVE_PROCESSOR,No,租赁工具,12,44.6,免费租赁工具,小房东,低
45,Beacons,https://beacons.ai,Link-in-Bio,PASSED,2021,美国,AI驱动链接页,免费+订阅,instant,hours,邮箱验证,STRIPE_CONNECT,Yes,AI/ML,13,46.1,AI个人主页,社交媒体创作者,中
46,Koji,https://koji.ai,微商店,PASSED,2020,美国,无代码微商店,交易费,instant,hours,邮箱注册,THIRD_PARTY,Yes,无代码,14,47.4,微商店工具,内容创作者,中
47,Linktree,https://linktr.ee,Link-in-Bio,PASSED,2016,澳大利亚,链接树,免费+订阅,instant,hours,邮箱验证,THIRD_PARTY,Yes,链接工具,15,48.5,知名链接工具,社交媒体用户,低
48,Carrd,https://carrd.co,单页网站,PASSED,2017,澳大利亚,简单网站+支付,免费+订阅,instant,hours,邮箱注册,STRIPE_CONNECT,Yes,网站建设,13,46.8,单页网站建设,个人品牌,低
49,Taplink,https://taplink.at,Link-in-Bio,PASSED,2017,美国,社交链接,免费+订阅,instant,hours,邮箱验证,THIRD_PARTY,Yes,链接聚合,12,45.3,社交链接页面,社交媒体,低
50,Bio.fm,https://bio.fm,个人主页,PASSED,2020,美国,个人主页+支付,免费+订阅,instant,hours,邮箱注册,STRIPE_CONNECT,Yes,个人主页,11,44.2,个人品牌页面,个人品牌,中
51,About.me,https://about.me,个人主页,PASSED,2009,美国,个人品牌,免费+订阅,instant,hours,邮箱注册,THIRD_PARTY,Yes,个人品牌,14,47.9,老牌个人主页,职业人士,低
52,Solo.to,https://solo.to,创作者主页,PASSED,2020,美国,创作者页面,免费+订阅,instant,hours,邮箱注册,STRIPE_CONNECT,Yes,创作者工具,12,45.7,创作者专用页面,创作者,中
53,Shorby,https://shorby.com,短链接,PASSED,2017,美国,短链接+支付,订阅费,instant,hours,邮箱验证,THIRD_PARTY,Yes,链接工具,11,44.9,短链接工具,营销人员,中
54,Lnk.Bio,https://lnk.bio,简单链接,PASSED,2016,意大利,极简链接,免费,instant,hours,邮箱注册,THIRD_PARTY,No,链接工具,10,43.6,极简链接页面,个人用户,低
55,MyLink,https://mylink.bio,链接页面,PASSED,2021,美国,新一代链接页,免费+订阅,instant,hours,邮箱注册,STRIPE_CONNECT,Yes,链接工具,12,45.1,新一代链接工具,社交媒体用户,中
56,Navan,https://navan.com,商务旅行,PASSED,2015,美国,旅行+费用管理,订阅费,hours,days,企业注册,NATIVE_PROCESSOR,Yes,旅行科技,16,51.3,商务旅行费用,企业差旅,低
57,Expensify,https://www.expensify.com,费用管理,PASSED,2008,美国,扫描收据,免费+订阅,instant,hours,邮箱注册,NATIVE_PROCESSOR,Yes,OCR/AI,17,52.8,智能收据扫描,所有企业,低
58,SAP Concur,https://www.concursolutions.com,企业费用,PASSED,1993,德国,大企业费用,订阅费,hours,days,企业合同,NATIVE_PROCESSOR,Yes,企业软件,18,54.2,大企业费用管理,大型企业,低
59,Emburse,https://www.emburse.com,费用管理,PASSED,2014,美国,智能费用,订阅费,hours,days,企业注册,NATIVE_PROCESSOR,Yes,费用科技,15,49.7,智能费用管理,中型企业,低
60,Rydoo,https://www.rydoo.com,费用管理,PASSED,2015,比利时,移动费用,订阅费,hours,days,企业注册,NATIVE_PROCESSOR,Yes,移动优先,14,48.1,移动费用管理,欧洲企业,低
61,Zoho Expense,https://www.zoho.com/expense,费用管理,PASSED,2016,印度,Zoho生态,订阅费,hours,days,企业注册,NATIVE_PROCESSOR,Yes,企业套件,13,47.3,Zoho费用管理,Zoho用户,低
62,Abacus,https://abacus.com,费用管理,PASSED,2013,美国,实时费用,订阅费,hours,days,企业注册,NATIVE_PROCESSOR,Yes,实时科技,14,48.6,实时费用处理,科技企业,低
63,Certify,https://www.certify.com,费用管理,PASSED,2008,美国,企业费用,订阅费,hours,days,企业注册,NATIVE_PROCESSOR,Yes,费用科技,15,49.8,企业费用方案,所有企业,低
64,Fyle,https://fylehq.com,费用管理,PASSED,2016,印度,AI费用,订阅费,hours,days,企业注册,NATIVE_PROCESSOR,Yes,AI/ML,12,45.9,AI费用管理,技术企业,中
65,Receipt Bank,https://www.receipt-bank.com,收据管理,PASSED,2010,英国,收据数字化,订阅费,hours,days,企业注册,NATIVE_PROCESSOR,Yes,OCR技术,13,46.7,收据数字化服务,中小企业,低
66,Klarna US,https://www.klarna.com/us,先买后付,PASSED,2015,瑞典,先买后付,商户费,instant,hours,商业注册,NATIVE_PROCESSOR,Yes,BNPL技术,17,52.6,瑞典BNPL巨头,电商零售,低
67,Afterpay US,https://www.afterpay.com,先买后付,PASSED,2018,澳大利亚,先买后付,商户费,instant,hours,商业注册,NATIVE_PROCESSOR,Yes,BNPL技术,16,51.4,澳洲BNPL领导,年轻消费者,低
68,Wise US,https://wise.com/us,国际汇款,PASSED,2014,英国,国际汇款,0.5-1%,hours,days,证件验证,NATIVE_PROCESSOR,Yes,汇款技术,18,54.1,透明国际汇款,国际转账,低
69,Revolut US,https://www.revolut.com/us,数字银行,PASSED,2020,英国,数字银行,订阅费,instant,hours,身份验证,NATIVE_PROCESSOR,Yes,银行科技,15,49.3,欧洲数字银行,数字银行用户,中
70,N26 US,https://n26.com,数字银行,PASSED,2019,德国,数字银行,免费,instant,hours,身份验证,NATIVE_PROCESSOR,Yes,银行科技,14,48.2,德国数字银行,移动银行用户,中
71,Monzo US,https://monzo.com,数字银行,PASSED,2019,英国,数字银行,免费,instant,hours,身份验证,NATIVE_PROCESSOR,Yes,银行科技,14,48.7,英国数字银行,移动银行用户,中
72,Adyen US,https://www.adyen.com/us,支付处理,PASSED,2011,荷兰,支付处理,按交易额,instant,hours,商业注册,NATIVE_PROCESSOR,Yes,支付技术,17,53.2,荷兰支付巨头,大型商户,低
73,Plaid,https://plaid.com,金融API,PASSED,2013,美国,银行连接API,按API调用,instant,hours,开发者注册,NATIVE_PROCESSOR,Yes,开放银行,16,51.8,银行连接API,金融科技,低
74,Stripe Atlas,https://stripe.com/atlas,创业API,PASSED,2016,美国,公司设立API,按服务,hours,days,创始人注册,NATIVE_PROCESSOR,Yes,创业服务,15,49.9,创业一站式服务,创业公司,低
75,Dwolla,https://www.dwolla.com,支付API,PASSED,2008,美国,ACH支付API,按交易,instant,hours,开发者注册,NATIVE_PROCESSOR,Yes,ACH技术,14,48.4,ACH支付API,银行科技,低
76,Balanced,https://www.balancedpayments.com,支付API,PASSED,2010,美国,市场支付,按交易,instant,hours,商业注册,NATIVE_PROCESSOR,Yes,市场支付,13,47.2,平台支付API,市场平台,中
77,WePay,https://www.wepay.com,支付API,PASSED,2008,美国,平台支付,按交易,instant,hours,商业注册,NATIVE_PROCESSOR,Yes,平台支付,14,48.5,平台支付解决方案,众筹平台,中
78,Checkout.com,https://www.checkout.com,支付API,PASSED,2012,英国,全球支付,按交易,instant,hours,商业注册,NATIVE_PROCESSOR,Yes,全球支付,16,51.6,全球支付API,国际企业,低
79,Razorpay,https://razorpay.com,支付API,PASSED,2014,印度,印度支付,按交易,instant,hours,商业注册,NATIVE_PROCESSOR,Yes,印度支付,15,50.1,印度支付API,印度市场,中
80,Mollie,https://www.mollie.com,支付API,PASSED,2012,荷兰,欧洲支付,按交易,instant,hours,商业注册,NATIVE_PROCESSOR,Yes,欧洲支付,14,49.2,欧洲支付API,欧洲商户,低
81,Apple Pay,https://apple.com/apple-pay,移动支付,PASSED,2014,美国,苹果生态,按交易,instant,instant,设备验证,NATIVE_PROCESSOR,No,苹果生态,18,54.7,苹果生态支付,苹果用户,低
82,Google Pay,https://pay.google.com,移动支付,PASSED,2015,美国,谷歌生态,按交易,instant,instant,谷歌账户,NATIVE_PROCESSOR,No,谷歌生态,17,53.9,谷歌生态支付,安卓用户,低
83,Samsung Pay,https://www.samsung.com/us/samsung-pay,移动支付,PASSED,2015,韩国,三星支付,按交易,instant,instant,三星设备,NATIVE_PROCESSOR,No,三星生态,15,50.8,三星移动支付,三星用户,低
84,PayPal One Touch,https://paypal.com/one-touch,一键支付,PASSED,2015,美国,一键支付,按交易,instant,instant,PayPal账户,NATIVE_PROCESSOR,No,支付技术,16,52.3,一键支付体验,PayPal用户,低
85,Venmo QR,https://venmo.com/qr码,QR支付,PASSED,2018,美国,二维码支付,免费,instant,instant,手机验证,NATIVE_PROCESSOR,No,QR技术,13,46.9,Venmo QR支付,Venmo用户,低
86,Cash App QR,https://cash.app/qr,QR支付,PASSED,2017,美国,二维码支付,免费,instant,instant,手机验证,NATIVE_PROCESSOR,No,QR技术,13,47.1,Cash App QR支付,Cash App用户,低
87,Zelle,https://www.zellepay.com,银行转账,PASSED,2017,美国,银行间转账,免费,instant,instant,银行账户,NATIVE_PROCESSOR,No,银行网络,18,55.2,银行即时转账,银行客户,低
88,Popmoney,https://www.popmoney.com,P2P转账,PASSED,2010,美国,邮件转账,按交易,hours,hours,银行账户,NATIVE_PROCESSOR,No,转账技术,12,45.8,邮件转账服务,个人用户,中
89,GoFundMe,https://www.gofundme.com,众筹,PASSED,2010,美国,个人众筹,5%+2.9%,hours,days,个人注册,NATIVE_PROCESSOR,No,众筹平台,16,51.5,个人众筹平台,个人筹款,低
90,Kickstarter,https://www.kickstarter.com,众筹,PASSED,2009,美国,创意众筹,5%+3-5%,hours,days,项目注册,NATIVE_PROCESSOR,No,众筹平台,17,53.1,创意项目众筹,创意项目,低
91,Indiegogo,https://www.indiegogo.com,众筹,PASSED,2008,美国,多种众筹,5%+3%,hours,days,项目注册,NATIVE_PROCESSOR,No,众筹平台,16,52.4,多样化众筹,各类项目,低
92,Patreon,https://www.patreon.com,订阅制,PASSED,2013,美国,创作者订阅,5-12%,hours,days,创作者注册,NATIVE_PROCESSOR,No,订阅平台,15,50.7,创作者订阅平台,内容创作者,低
93,OnlyFans,https://onlyfans.com,内容订阅,PASSED,2016,英国,成人内容订阅,20%,hours,days,内容创作者注册,NATIVE_PROCESSOR,No,内容平台,14,49.6,成人内容订阅,成人内容创作者,高
94,Fanhouse,https://fanhouse.app,创作者订阅,PASSED,2020,美国,新一代订阅,10%,hours,days,创作者注册,NATIVE_PROCESSOR,No,订阅平台,12,46.3,新兴订阅平台,新兴创作者,中
95,Cameo,https://www.cameo.com,明星视频,PASSED,2017,美国,定制视频,25%,hours,days,名人注册,NATIVE_PROCESSOR,No,视频平台,13,47.8,名人定制视频,明星名人,中
96,Cameo Kids,https://kids.cameo.com,儿童视频,PASSED,2021,美国,儿童定制视频,25%,hours,days,家长+名人,NATIVE_PROCESSOR,No,视频平台,11,44.9,儿童定制视频,家庭用户,中
97,CelebVM,https://www.celebvm.com,明星视频,PASSED,2020,美国,视频消息,20%,hours,days,名人注册,NATIVE_PROCESSOR,No,视频平台,12,45.7,视频消息服务,明星粉丝,中
98,HoneyBook,https://www.honeybook.com,项目管理,PASSED,2013,美国,客户管理,订阅费,hours,days,商业注册,NATIVE_PROCESSOR,Yes,CRM技术,14,48.3,创意机构管理,创意机构,低
99,Bench,https://bench.co,在线会计,PASSED,2012,美国,在线记账,订阅费,hours,days,商业注册,NATIVE_PROCESSOR,Yes,会计科技,15,49.5,在线会计服务,小企业会计,低
100,Wave,https://www.waveapps.com,会计软件,PASSED,2009,加拿大,免费会计,免费,hours,days,商业注册,NATIVE_PROCESSOR,Yes,会计SaaS,16,51.2,免费会计软件,小企业主,低