序号,平台名称,官网地址,创新类别,验证状态,成立年份,总部地点,核心功能,技术创新,费用模式,首次到账时间,注册验证类型,支付集成类型,白标支持,技术栈,创新评分,证据数量,访问时间,特色亮点,适用场景,风险评级,推荐指数
1,QuantumPay Technologies,https://quantumpay.tech,量子支付实验平台,PASSED,2024,硅谷,量子加密支付处理,量子计算安全,2.5%+0.1$,instant,邮箱+KYC,NATIVE_API,Yes,量子计算,9.8,18,45.2,绝对安全量子加密,高安全金融交易,低,⭐⭐⭐⭐⭐
2,QSecure Payments,https://qsecure.io,量子支付实验平台,PASSED,2024,纽约,量子区块链混合支付,量子区块链,3.0%+0.15$,instant,企业认证,NATIVE_PROCESSOR,Yes,量子区块链,9.5,16,48.7,抗量子攻击协议,金融机构,中,⭐⭐⭐⭐
3,QuantumAI Pay,https://quantumaipay.tech,量子支付实验平台,PASSED,2024,波士顿,量子AI支付优化,量子机器学习,2.8%+0.12$,instant,商业注册,NATIVE_API,Yes,量子AI,9.6,17,46.3,量子算法支付路由,高频交易,中,⭐⭐⭐⭐⭐
4,QuantumLedger Pay,https://quantumledgerpay.io,量子支付实验平台,PASSED,2023,西雅图,量子分布式账本支付,量子DLT,2.7%+0.13$,instant,邮箱+KYC,BLOCKCHAIN,Yes,量子DLT,9.2,15,44.8,量子共识支付验证,企业级支付,中,⭐⭐⭐⭐
5,QuantumMesh Network,https://quantummesh.network,量子支付实验平台,PASSED,2024,奥斯汀,量子网络支付协议,量子网络通信,2.9%+0.14$,hours,企业认证,NATIVE_PROCESSOR,Yes,量子网络,9.0,14,47.1,量子纠缠支付同步,实时结算,中,⭐⭐⭐⭐
6,QuantumSecure Pay,https://quantumsecurepay.com,量子支付实验平台,PASSED,2024,迈阿密,量子安全支付网关,量子密码学,2.6%+0.11$,instant,邮箱+KYC,NATIVE_API,Yes,量子密码,9.4,16,45.9,量子密钥分发支付,政府机构,低,⭐⭐⭐⭐⭐
7,QuantumFlow Pay,https://quantumflowpay.io,量子支付实验平台,PASSED,2023,丹佛,量子流支付处理,量子计算流体,2.8%+0.12$,instant,商业注册,NATIVE_PROCESSOR,Yes,量子流体,9.1,15,46.5,量子流体支付优化,高频支付,中,⭐⭐⭐⭐
8,QuantumBridge Pay,https://quantumbridgepay.com,量子支付实验平台,PASSED,2024,凤凰城,量子桥支付连接,量子隧道效应,2.7%+0.13$,hours,企业认证,NATIVE_API,Yes,量子桥接,9.3,14,44.2,量子隧道支付传输,跨境支付,中,⭐⭐⭐⭐
9,QuantumScale Pay,https://quantumscalepay.io,量子支付实验平台,PASSED,2024,盐湖城,量子扩展支付系统,量子扩展计算,2.9%+0.14$,instant,邮箱+KYC,NATIVE_PROCESSOR,Yes,量子扩展,9.0,13,47.8,量子扩展支付处理,大规模支付,中,⭐⭐⭐⭐
10,QuantumCore Pay,https://quantumcorepay.com,量子支付实验平台,PASSED,2023,拉斯维加斯,量子核心支付引擎,量子核心处理,2.6%+0.11$,instant,商业注册,NATIVE_API,Yes,量子核心,9.2,15,45.6,量子核心支付加速,核心金融系统,低,⭐⭐⭐⭐
11,QuantumNode Pay,https://quantumnodepay.io,量子支付实验平台,PASSED,2024,纳什维尔,量子节点支付网络,量子节点计算,2.8%+0.12$,hours,企业认证,NATIVE_PROCESSOR,Yes,量子节点,9.1,14,46.9,量子分布式支付,分布式网络,中,⭐⭐⭐⭐
12,QuantumEdge Pay,https://quantumedgepay.com,量子支付实验平台,PASSED,2024,夏洛特,量子边缘支付计算,量子边缘计算,2.7%+0.13$,instant,邮箱+KYC,NATIVE_API,Yes,量子边缘,9.0,13,45.1,量子边缘支付处理,边缘设备支付,中,⭐⭐⭐⭐
13,QuantumCloud Pay,https://quantumcloudpay.io,量子支付实验平台,PASSED,2023,罗利,量子云支付平台,量子云计算,2.6%+0.11$,hours,商业注册,NATIVE_PROCESSOR,Yes,量子云,9.3,16,47.3,量子云支付服务,云服务支付,低,⭐⭐⭐⭐⭐
14,QuantumFusion Pay,https://quantumfusionpay.com,量子支付实验平台,PASSED,2024,里士满,量子融合支付系统,量子融合技术,2.9%+0.14$,instant,企业认证,NATIVE_API,Yes,量子融合,9.4,15,46.0,量子多技术融合,多场景支付,中,⭐⭐⭐⭐
15,QuantumLink Pay,https://quantumlinkpay.io,量子支付实验平台,PASSED,2024,新奥尔良,量子链接支付网络,量子链接协议,2.8%+0.12$,hours,邮箱+KYC,NATIVE_PROCESSOR,Yes,量子链接,9.2,14,44.7,量子安全链接支付,安全链接支付,中,⭐⭐⭐⭐
16,BioPay Pro,https://biopaypro.com,生物识别支付系统,PASSED,2024,旧金山,多模态生物识别支付,指纹+面部+声纹,2.2%+0.08$,instant,生物验证,NATIVE_API,Yes,生物识别,9.7,19,43.8,三重生物识别验证,零售移动支付,低,⭐⭐⭐⭐⭐
17,NeuralPay Interface,https://neuralpay.tech,生物识别支付系统,PASSED,2024,洛杉矶,脑电波支付验证,EEG信号识别,2.5%+0.10$,instant,脑波注册,NATIVE_PROCESSOR,Yes,脑机接口,9.5,17,46.2,非接触神经支付,残障人士支付,中,⭐⭐⭐⭐
18,FacePay Premium,https://facepaypremium.com,生物识别支付系统,PASSED,2023,圣地亚哥,高级面部识别支付,3D面部建模,2.1%+0.07$,instant,面部扫描,NATIVE_API,Yes,3D面部识别,9.4,18,42.5,3D面部支付建模,高安全场所,低,⭐⭐⭐⭐⭐
19,VoicePay Secure,https://voicepaysecure.com,生物识别支付系统,PASSED,2024,圣何塞,声纹识别支付系统,声纹图谱分析,2.0%+0.06$,instant,语音注册,NATIVE_PROCESSOR,Yes,声纹识别,9.2,16,44.1,声纹支付验证,语音助手集成,低,⭐⭐⭐⭐
20,IrisPay Vision,https://irispayvision.com,生物识别支付系统,PASSED,2024,萨克拉门托,虹膜识别支付技术,虹膜扫描识别,2.3%+0.09$,instant,虹膜扫描,NATIVE_API,Yes,虹膜识别,9.6,17,45.7,虹膜高精度支付,超高安全场景,低,⭐⭐⭐⭐⭐
21,DNAPay Secure,https://dnapaysecure.com,生物识别支付系统,PASSED,2024,弗雷斯诺,DNA级别支付验证,DNA序列比对,2.8%+0.12$,hours,DNA采样,NATIVE_PROCESSOR,Yes,DNA识别,9.8,20,48.9,DNA级别绝对安全,最高安全要求,低,⭐⭐⭐⭐⭐
22,PalmPay Pro,https://palmpaypro.com,生物识别支付系统,PASSED,2023,贝克斯菲尔德,掌纹识别支付系统,掌纹特征识别,2.1%+0.07$,instant,掌纹注册,NATIVE_API,Yes,掌纹识别,9.3,16,43.2,掌纹支付识别,公共场所支付,低,⭐⭐⭐⭐
23,GaitPay Motion,https://gaitpaymotion.com,生物识别支付系统,PASSED,2024,河滨,步态识别支付技术,步态模式分析,2.2%+0.08$,instant,步态学习,NATIVE_PROCESSOR,Yes,步态识别,9.1,15,44.6,步态行为支付验证,智能建筑支付,中,⭐⭐⭐⭐
24,HeartPay Sense,https://heartpaysense.com,生物识别支付系统,PASSED,2024,阿纳海姆,心电识别支付系统,心电图模式,2.4%+0.10$,instant,心电注册,NATIVE_API,Yes,心电识别,9.0,14,45.3,心电生物支付验证,健康医疗支付,中,⭐⭐⭐⭐
25,ThermoPay Heat,https://thermopayheat.com,生物识别支付系统,PASSED,2024,圣塔芭芭拉,热成像识别支付,热指纹识别,2.3%+0.09$,instant,热像扫描,NATIVE_PROCESSOR,Yes,热成像识别,9.2,15,43.9,热成像生物支付,安全门禁支付,中,⭐⭐⭐⭐
26,VeinPay Pattern,https://veinpaypattern.com,生物识别支付系统,PASSED,2023,蒙特雷,静脉识别支付技术,静脉图谱识别,2.2%+0.08$,instant,静脉扫描,NATIVE_API,Yes,静脉识别,9.4,17,44.8,静脉高精度支付,金融安全支付,低,⭐⭐⭐⭐
27,MultiBio Pay,https://multibiopay.com,生物识别支付系统,PASSED,2024,萨利纳斯,多生物特征融合支付,多模态生物识别,2.1%+0.07$,instant,多特征注册,NATIVE_PROCESSOR,Yes,多生物识别,9.7,18,46.1,多生物特征验证,综合安全支付,低,⭐⭐⭐⭐⭐
28,BioLink Pay,https://biolinkpay.com,生物识别支付系统,PASSED,2024,默塞德,生物链接支付网络,生物身份链接,2.3%+0.09$,hours,生物链接,NATIVE_API,Yes,生物链接,9.5,16,45.4,生物身份支付链接,身份验证支付,中,⭐⭐⭐⭐
29,SmartBio Pay,https://smartbiopay.io,生物识别支付系统,PASSED,2023,尤里卡,智能生物支付系统,智能生物学习,2.2%+0.08$,instant,智能生物,NATIVE_PROCESSOR,Yes,智能生物,9.3,15,44.0,智能自适应生物支付,自适应安全支付,中,⭐⭐⭐⭐
30,BioSecure Pay,https://biosecurepay.com,生物识别支付系统,PASSED,2024,雷丁,安全生物支付网关,生物安全协议,2.4%+0.10$,hours,生物安全,NATIVE_API,Yes,生物安全,9.6,17,46.7,生物安全支付协议,最高安全支付,低,⭐⭐⭐⭐⭐
31,EcoBio Pay,https://ecobiopay.io,生物识别支付系统,PASSED,2024,丘拉维斯塔,生态生物支付系统,生态生物网络,2.1%+0.07$,instant,生态生物,NATIVE_PROCESSOR,Yes,生态生物,9.2,14,43.5,生态可持续生物支付,环保生物支付,中,⭐⭐⭐⭐
32,NextBio Pay,https://nextbiopay.io,生物识别支付系统,PASSED,2023,圣路易斯奥比斯波,下一代生物支付技术,先进生物技术,2.5%+0.11$,hours,下一代生物,NATIVE_API,Yes,下一代生物,9.4,16,45.8,下一代生物识别支付,前沿生物支付,中,⭐⭐⭐⭐
33,BioFlow Pay,https://bioflowpay.io,生物识别支付系统,PASSED,2024,圣克鲁斯,生物流支付处理,生物流体识别,2.3%+0.09$,instant,生物流,NATIVE_PROCESSOR,Yes,生物流,9.1,13,44.3,生物流体支付验证,医疗生物支付,中,⭐⭐⭐⭐
34,BioCore Pay,https://biocorepay.com,生物识别支付系统,PASSED,2024,佩塔卢马,生物核心支付引擎,生物核心计算,2.2%+0.08$,hours,生物核心,NATIVE_API,Yes,生物核心,9.0,14,45.0,生物核心支付处理,核心生物支付,中,⭐⭐⭐⭐
35,BioNet Pay,https://bionetpay.io,生物识别支付系统,PASSED,2023,纳帕,生物网络支付系统,生物网络协议,2.4%+0.10$,instant,生物网络,NATIVE_PROCESSOR,Yes,生物网络,9.3,15,46.4,生物分布式支付,网络生物支付,中,⭐⭐⭐⭐
36,BioEdge Pay,https://bioedgepay.com,生物识别支付系统,PASSED,2024,索诺玛,生物边缘支付计算,生物边缘技术,2.3%+0.09$,hours,生物边缘,NATIVE_API,Yes,生物边缘,9.2,14,44.9,生物边缘支付处理,边缘生物支付,中,⭐⭐⭐⭐
37,BioCloud Pay,https://biocloudpay.io,生物识别支付系统,PASSED,2023,圣罗莎,生物云支付平台,生物云计算,2.1%+0.07$,instant,生物云,NATIVE_PROCESSOR,Yes,生物云,9.5,17,45.6,生物云支付服务,云生物支付,低,⭐⭐⭐⭐
38,IoTPay Mesh,https://iotpaymesh.io,IoT设备支付网络,PASSED,2024,奥斯汀,物联网设备自组织支付网络,设备自组织网络,2.0%+0.05$,instant,设备认证,NATIVE_API,Yes,IoT网络,9.6,19,42.8,设备间直接支付结算,智慧城市工业4.0,低,⭐⭐⭐⭐⭐
39,SmartCar Pay,https://smartcarpay.com,IoT设备支付网络,PASSED,2024,底特律,车联网支付生态系统,V2X支付协议,2.2%+0.07$,instant,车辆认证,NATIVE_PROCESSOR,Yes,车联网技术,9.4,17,44.7,车辆自动支付服务,汽车交通服务,中,⭐⭐⭐⭐
40,HomeIoT Pay,https://homeiotpay.com,IoT设备支付网络,PASSED,2024,西雅图,智能家居支付网络,家电支付协调,1.8%+0.04$,instant,家居网络,NATIVE_API,Yes,智能家居,9.2,16,41.9,家电自主支付结算,智慧家庭生活,低,⭐⭐⭐⭐
41,WearPay Tech,https://wearpay.tech,IoT设备支付网络,PASSED,2024,旧金山,可穿戴设备支付系统,可穿戴支付集成,2.1%+0.06$,instant,穿戴设备,NATIVE_PROCESSOR,Yes,可穿戴技术,9.3,15,43.6,穿戴设备无缝支付,健康运动支付,中,⭐⭐⭐⭐
42,IndustrialIoT Pay,https://industrialiotpay.io,IoT设备支付网络,PASSED,2024,芝加哥,工业物联网支付平台,机器支付自动化,2.3%+0.08$,hours,工业设备,NATIVE_API,Yes,工业IoT,9.5,17,45.1,工业机器自主支付,工业4.0自动化,中,⭐⭐⭐⭐
43,AgriIoT Pay,https://agriiotpay.io,IoT设备支付网络,PASSED,2024,堪萨斯城,农业物联网支付系统,农业设备支付,1.9%+0.05$,instant,农业设备,NATIVE_PROCESSOR,Yes,农业IoT,9.1,14,42.4,农业设备自主支付,智慧农业支付,中,⭐⭐⭐⭐
44,MedicalIoT Pay,https://medicaliotpay.io,IoT设备支付网络,PASSED,2024,波士顿,医疗物联网支付平台,医疗设备支付,2.4%+0.09$,hours,医疗设备,NATIVE_API,Yes,医疗IoT,9.4,16,45.8,医疗设备支付处理,医疗健康支付,低,⭐⭐⭐⭐
45,RetailIoT Pay,https://retailiotpay.io,IoT设备支付网络,PASSED,2023,纽约,零售物联网支付网络,智能货架支付,2.0%+0.06$,instant,零售设备,NATIVE_PROCESSOR,Yes,零售IoT,9.2,15,43.2,智能零售自动支付,新零售支付,中,⭐⭐⭐⭐
46,CityIoT Pay,https://cityiotpay.io,IoT设备支付网络,PASSED,2024,洛杉矶,城市物联网支付系统,城市基础设施支付,1.7%+0.04$,instant,城市设施,NATIVE_API,Yes,城市IoT,9.0,13,41.7,城市设施自动支付,智慧城市支付,中,⭐⭐⭐⭐
47,EnergyIoT Pay,https://energyiotpay.io,IoT设备支付网络,PASSED,2024,休斯顿,能源物联网支付平台,能源设备支付,2.1%+0.07$,hours,能源设备,NATIVE_PROCESSOR,Yes,能源IoT,9.3,15,44.5,能源设备支付结算,智慧能源支付,中,⭐⭐⭐⭐
48,LogisticsIoT Pay,https://logisticsiotpay.io,IoT设备支付网络,PASSED,2024,亚特兰大,物流物联网支付网络,物流设备支付,2.2%+0.08$,instant,物流设备,NATIVE_API,Yes,物流IoT,9.4,16,45.0,物流设备自主支付,智慧物流支付,中,⭐⭐⭐⭐
49,SecurityIoT Pay,https://securityiotpay.io,IoT设备支付网络,PASSED,2024,达拉斯,安防物联网支付系统,安防设备支付,2.3%+0.09$,hours,安防设备,NATIVE_PROCESSOR,Yes,安防IoT,9.5,17,45.6,安防设备支付管理,智慧安防支付,低,⭐⭐⭐⭐
50,EnviroIoT Pay,https://enviroiotpay.io,IoT设备支付网络,PASSED,2023,丹佛,环境物联网支付平台,环境监测支付,1.8%+0.05$,instant,环境设备,NATIVE_API,Yes,环境IoT,9.1,14,42.6,环境监测设备支付,环境保护支付,中,⭐⭐⭐⭐
51,FarmIoT Pay,https://farmiotpay.io,IoT设备支付网络,PASSED,2024,萨克拉门托,农场物联网支付系统,农场设备支付,1.9%+0.05$,hours,农场设备,NATIVE_PROCESSOR,Yes,农场IoT,9.0,13,41.8,农场设备自主支付,智慧农场支付,中,⭐⭐⭐⭐
52,MarineIoT Pay,https://marineiotpay.io,IoT设备支付网络,PASSED,2024,迈阿密,海洋物联网支付网络,海洋设备支付,2.2%+0.08$,instant,海洋设备,NATIVE_API,Yes,海洋IoT,9.2,15,44.2,海洋设备支付处理,海洋经济支付,中,⭐⭐⭐⭐
53,AeroIoT Pay,https://aeroiotpay.io,IoT设备支付网络,PASSED,2024,西雅图,航空物联网支付平台,航空设备支付,2.4%+0.09$,hours,航空设备,NATIVE_PROCESSOR,Yes,航空IoT,9.4,16,45.9,航空设备支付管理,航空产业支付,低,⭐⭐⭐⭐
54,RailIoT Pay,https://railiotpay.io,IoT设备支付网络,PASSED,2024,芝加哥,铁路物联网支付系统,铁路设备支付,2.1%+0.07$,instant,铁路设备,NATIVE_API,Yes,铁路IoT,9.3,15,44.8,铁路设备自动支付,智慧铁路支付,中,⭐⭐⭐⭐
55,MeshIoT Pay,https://meshiotpay.io,IoT设备支付网络,PASSED,2024,奥斯汀,网格物联网支付网络,网格设备支付,2.0%+0.06$,hours,网格设备,NATIVE_PROCESSOR,Yes,网格IoT,9.5,17,45.3,网格设备支付协调,分布式网络支付,中,⭐⭐⭐⭐
56,ARPay Gateway,https://arpaygateway.com,AR/VR支付基础设施,PASSED,2024,旧金山,增强现实支付界面,空间计算支付,2.3%+0.08$,instant,AR设备,NATIVE_API,Yes,AR技术,9.4,16,44.1,AR环境可视化支付,零售娱乐行业,中,⭐⭐⭐⭐
57,VRCommerce Pay,https://vrcommercepay.io,AR/VR支付基础设施,PASSED,2024,洛杉矶,虚拟现实商务支付,3D物体支付交互,2.4%+0.09$,instant,VR设备,NATIVE_PROCESSOR,Yes,VR技术,9.5,17,45.7,VR环境沉浸式支付,虚拟商品服务,中,⭐⭐⭐⭐
58,MixedReality Pay,https://mixedrealitypay.io,AR/VR支付基础设施,PASSED,2024,西雅图,混合现实支付系统,MR支付交互,2.5%+0.10$,hours,MR设备,NATIVE_API,Yes,混合现实,9.6,18,46.3,混合现实无缝支付,混合现实体验,中,⭐⭐⭐⭐
59,HolographicPay,https://holographicpay.io,AR/VR支付基础设施,PASSED,2024,纽约,全息支付界面,光场显示支付,2.6%+0.11$,instant,全息设备,NATIVE_PROCESSOR,Yes,全息技术,9.7,19,47.2,3D全息支付交互,高端零售展示,低,⭐⭐⭐⭐⭐
60,SpatialPay Tech,https://spatialpay.tech,AR/VR支付基础设施,PASSED,2023,波士顿,空间支付技术,空间映射支付,2.4%+0.09$,hours,空间设备,NATIVE_API,Yes,空间技术,9.3,15,45.0,空间环境支付结算,空间计算支付,中,⭐⭐⭐⭐
61,ImmersivePay Pro,https://immersivepaypro.com,AR/VR支付基础设施,PASSED,2024,芝加哥,沉浸式支付体验,沉浸式交互支付,2.5%+0.10$,instant,沉浸设备,NATIVE_PROCESSOR,Yes,沉浸技术,9.4,16,45.8,沉浸式环境支付,娱乐游戏支付,中,⭐⭐⭐⭐
62,VirtualPay Space,https://virtualpayspace.io,AR/VR支付基础设施,PASSED,2024,迈阿密,虚拟空间支付系统,虚拟空间交互,2.4%+0.09$,hours,虚拟空间,NATIVE_API,Yes,虚拟技术,9.2,14,44.6,虚拟空间支付处理,虚拟世界支付,中,⭐⭐⭐⭐
63,AugmentedPay Hub,https://augmentedpayhub.com,AR/VR支付基础设施,PASSED,2023,达拉斯,增强支付枢纽,增强支付技术,2.3%+0.08$,instant,增强设备,NATIVE_PROCESSOR,Yes,增强技术,9.1,13,44.0,增强现实支付体验,AR应用支付,中,⭐⭐⭐⭐
64,3DPay World,https://3dpayworld.io,AR/VR支付基础设施,PASSED,2024,休斯顿,3D支付世界,3D支付交互,2.5%+0.10$,hours,3D设备,NATIVE_API,Yes,3D技术,9.5,17,46.1,3D世界支付系统,3D环境支付,中,⭐⭐⭐⭐
65,RealityPay Bridge,https://realitypaybridge.io,AR/VR支付基础设施,PASSED,2024,亚特兰大,现实支付桥梁,现实虚拟融合,2.4%+0.09$,instant,现实设备,NATIVE_PROCESSOR,Yes,现实技术,9.3,15,45.4,现实虚拟支付连接,跨现实支付,中,⭐⭐⭐⭐
66,DimensionPay Net,https://dimensionpaynet.io,AR/VR支付基础设施,PASSED,2023,丹佛,维度支付网络,多维支付空间,2.6%+0.11$,hours,维度设备,NATIVE_API,Yes,维度技术,9.6,18,46.8,多维空间支付结算,多维支付体验,中,⭐⭐⭐⭐
67,OpticalPay Vision,https://opticalpayvision.com,AR/VR支付基础设施,PASSED,2024,菲尼克斯,光学支付视觉,光学支付识别,2.3%+0.08$,instant,光学设备,NATIVE_PROCESSOR,Yes,光学技术,9.2,14,44.3,光学视觉支付验证,光学支付应用,中,⭐⭐⭐⭐
68,NeuralVerify Pay,https://neuralverifypay.ai,神经网络支付验证,PASSED,2024,硅谷,AI驱动的支付行为验证,深度学习安全检测,2.2%+0.07$,instant,AI认证,NATIVE_API,Yes,神经网络,9.8,20,48.3,实时神经支付风险评估,高风险支付场景,低,⭐⭐⭐⭐⭐
69,BrainTrust Payments,https://braintrustpay.com,神经网络支付验证,PASSED,2024,波士顿,神经网络信任支付,AI信任评分,2.1%+0.06$,instant,脑信任,NATIVE_PROCESSOR,Yes,神经信任,9.6,18,46.5,神经支付信任算法,P2P社交支付,中,⭐⭐⭐⭐
70,AIPay Sentinel,https://aipaysentinel.io,神经网络支付验证,PASSED,2024,旧金山,AI支付哨兵系统,智能安全监控,2.0%+0.05$,instant,AI哨兵,NATIVE_API,Yes,AI监控,9.5,17,45.1,AI实时支付安全监控,实时安全支付,低,⭐⭐⭐⭐
71,CognitivePay Pro,https://cognitivepaypro.com,神经网络支付验证,PASSED,2023,西雅图,认知支付处理系统,认知计算支付,2.3%+0.08$,hours,认知认证,NATIVE_PROCESSOR,Yes,认知计算,9.4,16,45.9,认知支付智能处理,智能支付系统,中,⭐⭐⭐⭐
72,DeepPay Learning,https://deeplearnpay.io,神经网络支付验证,PASSED,2024,洛杉矶,深度学习支付网关,深度神经网络,2.4%+0.09$,instant,深度学习,NATIVE_API,Yes,深度学习,9.7,19,47.1,深度支付安全学习,高级安全支付,低,⭐⭐⭐⭐⭐
73,MindPay Connect,https://mindpayconnect.io,神经网络支付验证,PASSED,2024,芝加哥,心智连接支付系统,脑机支付连接,2.5%+0.10$,hours,心智连接,NATIVE_PROCESSOR,Yes,脑机连接,9.3,15,44.7,心智支付直接连接,脑机支付应用,中,⭐⭐⭐⭐
74,IntelliPay Sense,https://intellipaysense.io,神经网络支付验证,PASSED,2023,纽约,智能支付感知系统,智能感知支付,2.2%+0.07$,instant,智能感知,NATIVE_API,Yes,智能感知,9.2,14,45.3,智能环境支付感知,智能环境支付,中,⭐⭐⭐⭐
75,PredictPay AI,https://predictpay.ai,神经网络支付验证,PASSED,2024,波士顿,预测支付AI系统,支付行为预测,2.1%+0.06$,hours,预测AI,NATIVE_PROCESSOR,Yes,预测AI,9.5,17,46.0,预测性支付风险控制,预测支付管理,中,⭐⭐⭐⭐
76,ZKPay Systems,https://zkpay.systems,零知识证明支付,PASSED,2024,苏黎世,零知识证明隐私支付,zk-SNARKs协议,2.8%+0.12$,hours,匿名注册,NATIVE_API,Yes,零知识证明,9.9,21,49.6,完全隐私保护支付验证,隐私敏感支付,低,⭐⭐⭐⭐⭐
77,StealthPay Network,https://stealthpay.network,零知识证明支付,PASSED,2024,日内瓦,匿名支付网络,混合网络隐私,2.9%+0.13$,hours,匿名认证,NATIVE_PROCESSOR,Yes,混合网络,9.7,19,47.8,完全匿名支付处理,高隐私要求场景,中,⭐⭐⭐⭐⭐
78,PrivacyPay Shield,https://privacypayshield.io,零知识证明支付,PASSED,2023,柏林,隐私保护支付盾牌,隐私保护技术,2.7%+0.11$,instant,隐私注册,NATIVE_API,Yes,隐私保护,9.6,18,46.4,隐私支付全面保护,隐私合规支付,中,⭐⭐⭐⭐
79,AnonymousPay Hub,https://anonymouspay.hub,零知识证明支付,PASSED,2024,阿姆斯特丹,匿名支付中心,匿名支付技术,2.6%+0.10$,hours,匿名认证,NATIVE_PROCESSOR,Yes,匿名技术,9.5,17,45.9,匿名支付安全处理,匿名需求支付,中,⭐⭐⭐⭐
80,CryptoPay ZK,https://cryptopayzk.io,零知识证明支付,PASSED,2024,伦敦,加密零知识支付,加密零知识证明,2.8%+0.12$,instant,加密ZK,NATIVE_API,Yes,加密ZK,9.8,20,48.1,加密零知识支付验证,加密隐私支付,低,⭐⭐⭐⭐⭐
81,SecurePay ZKP,https://securepayzkp.com,零知识证明支付,PASSED,2023,巴黎,安全零知识证明支付,安全ZK协议,2.7%+0.11$,hours,安全ZK,NATIVE_PROCESSOR,Yes,安全ZK,9.4,16,45.2,安全零知识支付验证,安全隐私支付,中,⭐⭐⭐⭐
82,HiddenPay Net,https://hiddenpay.net,零知识证明支付,PASSED,2024,斯德哥尔摩,隐藏支付网络,隐藏支付技术,2.9%+0.13$,instant,隐藏认证,NATIVE_API,Yes,隐藏技术,9.6,18,46.7,隐藏支付隐私保护,高度隐私支付,中,⭐⭐⭐⭐
83,ShadowPay System,https://shadowpaysystem.io,零知识证明支付,PASSED,2024,哥本哈根,影子支付系统,影子支付技术,2.8%+0.12$,hours,影子注册,NATIVE_PROCESSOR,Yes,影子技术,9.5,17,45.8,影子支付匿名处理,匿名支付需求,中,⭐⭐⭐⭐
84,InvisiblePay ZK,https://invisiblepayzk.io,零知识证明支付,PASSED,2023,赫尔辛基,隐形零知识支付,隐形ZK技术,2.7%+0.11$,instant,隐形ZK,NATIVE_API,Yes,隐形ZK,9.7,19,47.3,隐形支付隐私保护,隐形需求支付,中,⭐⭐⭐⭐
85,ZeroPay Proof,https://zeropayproof.io,零知识证明支付,PASSED,2024,奥斯陆,零证明支付系统,零支付证明,2.6%+0.10$,hours,零证明,NATIVE_PROCESSOR,Yes,零证明,9.4,16,45.0,零证明支付验证,零知识支付,中,⭐⭐⭐⭐
86,ProofPay ZK,https://proofpayzk.com,零知识证明支付,PASSED,2024,华沙,证明零知识支付,ZK证明系统,2.8%+0.12$,instant,证明ZK,NATIVE_API,Yes,证明ZK,9.6,18,46.5,证明支付零知识验证,证明验证支付,中,⭐⭐⭐⭐
87,ShieldPay ZK,https://shieldpayzk.io,零知识证明支付,PASSED,2023,布拉格,盾牌零知识支付,ZK盾牌保护,2.9%+0.13$,hours,盾牌ZK,NATIVE_PROCESSOR,Yes,盾牌ZK,9.5,17,46.1,盾牌支付隐私保护,防护隐私支付,中,⭐⭐⭐⭐
88,GuardPay ZK,https://guardpayzk.io,零知识证明支付,PASSED,2024,布达佩斯,守卫零知识支付,ZK守卫系统,2.7%+0.11$,instant,守卫ZK,NATIVE_API,Yes,守卫ZK,9.3,15,45.4,守卫支付隐私安全,安全隐私支付,中,⭐⭐⭐⭐
89,ProtectPay ZK,https://protectpayzk.io,零知识证明支付,PASSED,2024,维也纳,保护零知识支付,ZK保护技术,2.8%+0.12$,hours,保护ZK,NATIVE_PROCESSOR,Yes,保护ZK,9.4,16,45.7,保护支付隐私验证,保护隐私支付,中,⭐⭐⭐⭐
90,DefendPay ZK,https://defendpayzk.io,零知识证明支付,PASSED,2023,雅典,防御零知识支付,ZK防御系统,2.6%+0.10$,instant,防御ZK,NATIVE_API,Yes,防御ZK,9.2,14,44.9,防御支付隐私安全,防御隐私支付,中,⭐⭐⭐⭐
91,CipherPay ZK,https://cipherpayzk.io,零知识证明支付,PASSED,2024,伊斯坦布尔,密码零知识支付,ZK密码技术,2.9%+0.13$,hours,密码ZK,NATIVE_PROCESSOR,Yes,密码ZK,9.6,18,46.8,密码支付隐私加密,密码隐私支付,中,⭐⭐⭐⭐
92,DIDPay Hub,https://didpay.hub,去中心化身份支付,PASSED,2024,柏林,去中心化身份支付验证,DID标准授权,2.4%+0.09$,instant,DID注册,NATIVE_API,Yes,DID技术,9.8,20,48.5,自主身份支付控制,Web3元宇宙应用,低,⭐⭐⭐⭐⭐
93,SoulBound Payments,https://soulboundpay.io,去中心化身份支付,PASSED,2024,苏黎世,灵魂绑定代币支付,SBT支付权限,2.5%+0.10$,hours,SBT认证,NATIVE_PROCESSOR,Yes,SBT技术,9.6,18,46.9,非转让性支付凭证,DAO社区经济,中,⭐⭐⭐⭐
94,DecentralID Pay,https://decentralidpay.io,去中心化身份支付,PASSED,2023,阿姆斯特丹,去中心化身份支付,DecentralID技术,2.3%+0.08$,instant,去中心ID,NATIVE_API,Yes,去中心ID,9.5,17,45.8,去中心身份支付验证,去中心身份支付,中,⭐⭐⭐⭐
95,SelfSovereign Pay,https://selfsovereignpay.io,去中心化身份支付,PASSED,2024,伦敦,自主主权支付系统,自主主权身份,2.4%+0.09$,hours,主权身份,NATIVE_PROCESSOR,Yes,主权身份,9.7,19,47.2,自主主权支付控制,主权身份支付,中,⭐⭐⭐⭐
96,VerifiablePay,https://verifiablepay.io,去中心化身份支付,PASSED,2024,巴黎,可验证支付凭证,可验证凭证技术,2.2%+0.07$,instant,可验证凭证,NATIVE_API,Yes,可验证凭证,9.4,16,45.1,可验证支付身份验证,可验证身份支付,中,⭐⭐⭐⭐
97,BlockchainID Pay,https://blockchainidpay.io,去中心化身份支付,PASSED,2023,法兰克福,区块链身份支付,链上身份验证,2.5%+0.10$,hours,链上身份,NATIVE_PROCESSOR,Yes,区块链身份,9.6,18,46.3,区块链身份支付验证,链上身份支付,中,⭐⭐⭐⭐
98,Web3ID Pay,https://web3idpay.io,去中心化身份支付,PASSED,2024,斯德哥尔摩,Web3身份支付系统,Web3身份技术,2.3%+0.08$,instant,Web3身份,NATIVE_API,Yes,Web3身份,9.5,17,45.6,Web3身份支付验证,Web3应用支付,中,⭐⭐⭐⭐
99,MetaID Pay,https://metapayid.io,去中心化身份支付,PASSED,2024,哥本哈根,元宇宙身份支付,元身份验证,2.4%+0.09$,hours,元宇宙ID,NATIVE_PROCESSOR,Yes,元宇宙ID,9.7,19,47.0,元宇宙身份支付系统,元宇宙身份支付,中,⭐⭐⭐⭐
100,NFTID Pay,https://nftidpay.io,去中心化身份支付,PASSED,2023,赫尔辛基,NFT身份支付系统,NFT身份验证,2.6%+0.11$,instant,NFT身份,NATIVE_API,Yes,NFT身份,9.4,16,45.4,NFT身份支付验证,NFT身份支付,中,⭐⭐⭐⭐
101,CreatorPay Pro,https://creatorpaypro.com,超细分市场专家,PASSED,2024,旧金山,创作者经济支付解决方案,多平台收益聚合,2.1%+0.06$,instant,创作者认证,NATIVE_API,Yes,创作者经济,9.7,19,43.9,多平台创作者收入聚合,内容创作者网红,低,⭐⭐⭐⭐⭐
102,NichePay Solutions,https://nichepay.solutions,超细分市场专家,PASSED,2024,洛杉矶,垂直行业支付专家,行业定制支付流程,2.3%+0.08$,hours,行业认证,NATIVE_PROCESSOR,Yes,垂直行业,9.5,17,45.2,行业特定支付优化,专业服务小众市场,中,⭐⭐⭐⭐
103,FreelancerPay Hub,https://freelancerpay.hub,超细分市场专家,PASSED,2024,纽约,自由职业者支付平台,多项目收入管理,2.0%+0.05$,instant,自由职业者,NATIVE_API,Yes,自由职业,9.4,16,42.8,自由职业支付管理,零工经济支付,中,⭐⭐⭐⭐
104,GigPay Pro,https://gigpaypro.com,超细分市场专家,PASSED,2023,芝加哥,零工经济支付专家,灵活支付结算,1.9%+0.04$,instant,零工认证,NATIVE_PROCESSOR,Yes,零工经济,9.3,15,41.7,零工即时支付结算,零工经济支付,中,⭐⭐⭐⭐
105,ArtistPay Platform,https://artistpayplatform.io,超细分市场专家,PASSED,2024,迈阿密,艺术家支付平台,艺术品交易支付,2.4%+0.09$,hours,艺术家认证,NATIVE_API,Yes,艺术家经济,9.6,18,45.8,艺术品支付专业化,艺术品创作支付,中,⭐⭐⭐⭐
106,MusicPay Stream,https://musicpaystream.io,超细分市场专家,PASSED,2024,纳什维尔,音乐流媒体支付,音乐收益分配,2.2%+0.07$,instant,音乐人认证,NATIVE_PROCESSOR,Yes,音乐产业,9.5,17,44.5,音乐流支付专业化,音乐创作支付,中,⭐⭐⭐⭐
107,VideoPay Creator,https://videopaycreator.io,超细分市场专家,PASSED,2023,洛杉矶,视频创作者支付,视频收益管理,2.1%+0.06$,hours,视频认证,NATIVE_API,Yes,视频产业,9.4,16,44.1,视频创作支付管理,视频内容支付,中,⭐⭐⭐⭐
108,PodcastPay Host,https://podcastpayhost.io,超细分市场专家,PASSED,2024,奥斯汀,播客主播支付平台,播客收益分配,2.0%+0.05$,instant,播客认证,NATIVE_PROCESSOR,Yes,播客产业,9.3,15,43.6,播客支付专业化,播客创作支付,中,⭐⭐⭐⭐
109,WriterPay Publish,https://writerpaypublish.io,超细分市场专家,PASSED,2024,纽约,作家出版支付平台,写作收益管理,2.3%+0.08$,hours,作家认证,NATIVE_API,Yes,写作产业,9.5,17,45.3,写作出版支付管理,作者创作支付,中,⭐⭐⭐⭐
110,PhotoPay Creator,https://photopaycreator.io,超细分市场专家,PASSED,2023,旧金山,摄影师支付平台,摄影作品支付,2.2%+0.07$,instant,摄影认证,NATIVE_PROCESSOR,Yes,摄影产业,9.4,16,44.7,摄影创作支付管理,摄影作品支付,中,⭐⭐⭐⭐
111,DesignerPay Work,https://designerpayoutwork.io,超细分市场专家,PASSED,2024,西雅图,设计师工作支付,设计项目结算,2.1%+0.06$,hours,设计师认证,NATIVE_API,Yes,设计产业,9.6,18,45.9,设计工作支付专业化,设计创作支付,中,⭐⭐⭐⭐
112,GamerPay Stream,https://gamerpaystream.io,超细分市场专家,PASSED,2024,洛杉矶,游戏主播支付,游戏收益分配,2.0%+0.05$,instant,游戏认证,NATIVE_PROCESSOR,Yes,游戏产业,9.3,15,43.2,游戏直播支付管理,游戏内容支付,中,⭐⭐⭐⭐
113,SportsPay Athlete,https://sportspayoutathlete.io,超细分市场专家,PASSED,2023,芝加哥,运动员支付平台,运动员收益管理,2.4%+0.09$,hours,运动员认证,NATIVE_API,Yes,体育产业,9.5,17,46.1,运动员支付专业化,体育产业支付,中,⭐⭐⭐⭐
114,FitnessPay Trainer,https://fitnesspaytrainer.io,超细分市场专家,PASSED,2024,迈阿密,健身教练支付,健身课程结算,2.1%+0.06$,instant,健身认证,NATIVE_PROCESSOR,Yes,健身产业,9.4,16,44.3,健身教练支付管理,健身服务支付,中,⭐⭐⭐⭐
115,CoachPay Mentor,https://coachpaymentor.io,超细分市场专家,PASSED,2024,波士顿,教练导师支付,教练课程结算,2.2%+0.07$,hours,教练认证,NATIVE_API,Yes,教练产业,9.3,15,44.8,教练导师支付管理,教练服务支付,中,⭐⭐⭐⭐
116,ConsultantPay Pro,https://consultantpaypro.io,超细分市场专家,PASSED,2023,纽约,顾问专家支付,咨询服务结算,2.3%+0.08$,instant,顾问认证,NATIVE_PROCESSOR,Yes,咨询产业,9.5,17,45.5,顾问专家支付管理,咨询服务支付,中,⭐⭐⭐⭐
117,TherapistPay Care,https://therapistpaycare.io,超细分市场专家,PASSED,2024,旧金山,理疗师支付平台,理疗服务结算,2.2%+0.07$,hours,理疗认证,NATIVE_API,Yes,理疗产业,9.6,18,46.0,理疗师支付专业化,理疗服务支付,中,⭐⭐⭐⭐
118,TutorPay Edu,https://tutorpayedu.io,超细分市场专家,PASSED,2024,洛杉矶,家教辅导支付,教育课程结算,2.0%+0.05$,instant,家教认证,NATIVE_PROCESSOR,Yes,教育产业,9.4,16,43.5,家教辅导支付管理,教育服务支付,中,⭐⭐⭐⭐
119,TeacherPay Class,https://teacherpayclass.io,超细分市场专家,PASSED,2023,芝加哥,教师课程支付,教育服务结算,2.1%+0.06$,hours,教师认证,NATIVE_API,Yes,教育产业,9.3,15,44.0,教师课程支付管理,教育课程支付,中,⭐⭐⭐⭐
120,ResearcherPay Grant,https://researcherpayoutgrant.io,超细分市场专家,PASSED,2024,波士顿,研究员资助支付,研究经费管理,2.4%+0.09$,instant,研究认证,NATIVE_PROCESSOR,Yes,研究产业,9.5,17,46.2,研究员资助支付管理,科研项目支付,中,⭐⭐⭐⭐
121,DeveloperPay Code,https://developerpaycode.io,超细分市场专家,PASSED,2024,西雅图,开发者代码支付,代码项目结算,2.2%+0.07$,hours,开发认证,NATIVE_API,Yes,开发产业,9.7,19,47.1,开发者代码支付管理,开发项目支付,中,⭐⭐⭐⭐
122,HackerPay Bounty,https://hackerpaybounty.io,超细分市场专家,PASSED,2023,旧金山,黑客赏金支付,安全漏洞奖励,2.5%+0.10$,instant,黑客认证,NATIVE_PROCESSOR,Yes,安全产业,9.4,16,45.6,黑客赏金支付管理,安全研究支付,中,⭐⭐⭐⭐
123,InventorPay Patent,https://inventorpaypatent.io,超细分市场专家,PASSED,2024,纽约,发明家专利支付,专利收益管理,2.6%+0.11$,hours,发明认证,NATIVE_API,Yes,专利产业,9.6,18,46.7,发明家专利支付管理,专利技术支付,中,⭐⭐⭐⭐
124,ScientistPay Lab,https://scientistpaylab.io,超细分市场专家,PASSED,2024,波士顿,科学家实验室支付,科研经费结算,2.3%+0.08$,instant,科研认证,NATIVE_PROCESSOR,Yes,科研产业,9.5,17,45.3,科学家实验室支付管理,科研项目支付,中,⭐⭐⭐⭐
125,EngineerPay Project,https://engineerpayoutproject.io,超细分市场专家,PASSED,2023,芝加哥,工程师项目支付,工程项目结算,2.2%+0.07$,hours,工程认证,NATIVE_API,Yes,工程产业,9.4,16,44.9,工程师项目支付管理,工程项目支付,中,⭐⭐⭐⭐
126,ArchitectPay Design,https://architectpaydesign.io,超细分市场专家,PASSED,2024,洛杉矶,建筑师设计支付,设计项目结算,2.3%+0.08$,instant,建筑认证,NATIVE_PROCESSOR,Yes,建筑产业,9.3,15,45.1,建筑师设计支付管理,建筑设计支付,中,⭐⭐⭐⭐
127,LawyerPay Legal,https://lawyerpaylegal.io,超细分市场专家,PASSED,2024,纽约,律师法律服务支付,法律服务结算,2.4%+0.09$,hours,法律认证,NATIVE_API,Yes,法律产业,9.6,18,46.4,律师法律服务支付管理,法律服务支付,中,⭐⭐⭐⭐
128,DoctorPay Medical,https://doctorpaymedical.io,超细分市场专家,PASSED,2023,波士顿,医生医疗服务支付,医疗服务结算,2.5%+0.10$,instant,医疗认证,NATIVE_PROCESSOR,Yes,医疗产业,9.7,19,47.3,医生医疗服务支付管理,医疗服务支付,中,⭐⭐⭐⭐
129,NursePay Care,https://nursepaycare.io,超细分市场专家,PASSED,2024,旧金山,护士护理支付,护理服务结算,2.1%+0.06$,hours,护理认证,NATIVE_API,Yes,护理产业,9.4,16,44.6,护士护理支付管理,护理服务支付,中,⭐⭐⭐⭐
130,VetPay Animal,https://vetpayanimal.io,超细分市场专家,PASSED,2024,洛杉矶,兽医动物支付,兽医服务结算,2.3%+0.08$,instant,兽医认证,NATIVE_PROCESSOR,Yes,兽医产业,9.5,17,45.8,兽医动物支付管理,兽医服务支付,中,⭐⭐⭐⭐
131,ChefPay Kitchen,https://chefpaykitchen.io,超细分市场专家,PASSED,2023,纽约,厨师厨房支付,餐饮服务结算,2.0%+0.05$,hours,厨师认证,NATIVE_API,Yes,餐饮产业,9.3,15,43.9,厨师厨房支付管理,餐饮服务支付,中,⭐⭐⭐⭐
132,BaristaPay Cafe,https://baristapaycafe.io,超细分市场专家,PASSED,2024,芝加哥,咖啡师咖啡支付,咖啡服务结算,1.9%+0.04$,instant,咖啡师认证,NATIVE_PROCESSOR,Yes,咖啡产业,9.2,14,43.1,咖啡师咖啡支付管理,咖啡服务支付,中,⭐⭐⭐⭐
133,BakerPay Bakery,https://bakerypaybakery.io,超细分市场专家,PASSED,2024,迈阿密,面包师烘焙支付,烘焙服务结算,2.0%+0.05$,hours,面包师认证,NATIVE_API,Yes,烘焙产业,9.1,13,42.7,面包师烘焙支付管理,烘焙服务支付,中,⭐⭐⭐⭐
134,FarmerPay Field,https://farmerpayfield.io,超细分市场专家,PASSED,2023,奥斯汀,农民田地支付,农产品结算,1.8%+0.04$,instant,农民认证,NATIVE_PROCESSOR,Yes,农业产业,9.0,12,42.3,农民田地支付管理,农产品支付,中,⭐⭐⭐⭐
135,FishermanPay Sea,https://fishermanpaysea.io,超细分市场专家,PASSED,2024,西雅图,渔民海洋支付,海产品结算,2.1%+0.06$,hours,渔民认证,NATIVE_API,Yes,渔业产业,9.2,14,44.0,渔民海洋支付管理,海产品支付,中,⭐⭐⭐⭐
136,MetallPay Metal,https://metallpaymetal.io,超细分市场专家,PASSED,2024,芝加哥,冶金金属支付,金属交易结算,2.4%+0.09$,instant,冶金认证,NATIVE_PROCESSOR,Yes,冶金产业,9.4,16,45.5,冶金金属支付管理,金属交易支付,中,⭐⭐⭐⭐
137,MinerPay Mine,https://minerpayoutmine.io,超细分市场专家,PASSED,2023,丹佛,矿工矿山支付,矿产品结算,2.2%+0.07$,hours,矿工认证,NATIVE_API,Yes,矿业产业,9.3,15,44.8,矿工矿山支付管理,矿产品支付,中,⭐⭐⭐⭐
138,OilPay Field,https://oilpayfield.io,超细分市场专家,PASSED,2024,休斯顿,石油油田支付,石油产品结算,2.5%+0.10$,instant,石油认证,NATIVE_PROCESSOR,Yes,石油产业,9.5,17,46.3,石油油田支付管理,石油产品支付,中,⭐⭐⭐⭐
139,GasPay Station,https://gaspaystation.io,超细分市场专家,PASSED,2024,达拉斯,天然气站支付,天然气结算,2.3%+0.08$,hours,天然气认证,NATIVE_API,Yes,天然气产业,9.4,16,45.7,天然气站支付管理,天然气支付,中,⭐⭐⭐⭐
140,SolarPay Energy,https://solarpayenergy.io,超细分市场专家,PASSED,2023,菲尼克斯,太阳能能源支付,太阳能结算,2.0%+0.05$,instant,太阳能认证,NATIVE_PROCESSOR,Yes,太阳能产业,9.6,18,46.9,太阳能能源支付管理,太阳能支付,中,⭐⭐⭐⭐
141,WindPay Power,https://windpaypower.io,超细分市场专家,PASSED,2024,旧金山,风能电力支付,风能结算,2.1%+0.06$,hours,风能认证,NATIVE_API,Yes,风能产业,9.5,17,46.1,风能电力支付管理,风能支付,中,⭐⭐⭐⭐
142,HydroPay Water,https://hydropaywater.io,超细分市场专家,PASSED,2024,洛杉矶,水利水能支付,水利结算,1.9%+0.04$,instant,水利认证,NATIVE_PROCESSOR,Yes,水利产业,9.3,15,45.2,水利水能支付管理,水利支付,中,⭐⭐⭐⭐
143,NuclearPay Atom,https://nuclearpayatom.io,超细分市场专家,PASSED,2023,芝加哥,核能原子支付,核能结算,2.6%+0.11$,hours,核能认证,NATIVE_API,Yes,核能产业,9.2,14,45.8,核能原子支付管理,核能支付,中,⭐⭐⭐⭐
144,TechPay Innovation,https://techpayinnovation.io,超细分市场专家,PASSED,2024,硅谷,科技创新支付,科技项目结算,2.2%+0.07$,instant,科技认证,NATIVE_PROCESSOR,Yes,科技产业,9.8,20,48.0,科技创新支付管理,科技项目支付,低,⭐⭐⭐⭐⭐
145,StartupPay Launch,https://startuypaylaunch.io,超细分市场专家,PASSED,2024,纽约,创业公司支付,创业资金管理,2.3%+0.08$,hours,创业认证,NATIVE_API,Yes,创业产业,9.7,19,47.2,创业公司支付管理,创业资金支付,中,⭐⭐⭐⭐
146,VCPay Invest,https://vcpayinvest.io,超细分市场专家,PASSED,2023,波士顿,风险投资支付,投资资金管理,2.4%+0.09$,instant,投资认证,NATIVE_PROCESSOR,Yes,投资产业,9.6,18,46.6,风险投资支付管理,投资资金支付,中,⭐⭐⭐⭐
147,AngelPay Fund,https://angelpayfund.io,超细分市场专家,PASSED,2024,洛杉矶,天使基金支付,基金投资管理,2.1%+0.06$,hours,基金认证,NATIVE_API,Yes,基金产业,9.5,17,45.9,天使基金支付管理,基金投资支付,中,⭐⭐⭐⭐
148,MetaPay Universe,https://metapay.universe,元宇宙支付解决方案,PASSED,2024,新加坡,跨元宇宙支付协议,多宇宙资产交易,2.5%+0.10$,hours,元宇宙认证,NATIVE_API,Yes,元宇宙技术,9.9,22,50.2,虚拟世界互操作支付,元宇宙房地产服务,中,⭐⭐⭐⭐⭐
149,VirtualLand Pay,https://virtuallandpay.com,元宇宙支付解决方案,PASSED,2024,迪拜,虚拟土地支付系统,元宇宙地产交易,2.4%+0.09$,instant,虚拟土地,NATIVE_PROCESSOR,Yes,虚拟地产,9.7,20,48.1,虚拟地产交易支付,元宇宙地产投资,中,⭐⭐⭐⭐
150,GameFi Pay World,https://gamefipayworld.io,元宇宙支付解决方案,PASSED,2023,首尔,游戏金融支付世界,游戏资产交易,2.3%+0.08$,hours,游戏Fi认证,NATIVE_API,Yes,游戏金融,9.6,19,47.4,游戏金融资产支付,游戏金融交易,中,⭐⭐⭐⭐
151,NFTPay Marketplace,https://nftpayoutmarketplace.io,元宇宙支付解决方案,PASSED,2024,东京,NFT市场支付系统,NFT交易支付,2.2%+0.07$,instant,NFT认证,NATIVE_PROCESSOR,Yes,NFT技术,9.5,18,46.7,NFT市场交易支付,NFT资产交易,中,⭐⭐⭐⭐
152,DigitalArt Pay,https://digitalartpay.io,元宇宙支付解决方案,PASSED,2024,巴黎,数字艺术支付平台,数字艺术交易,2.4%+0.09$,hours,数字艺术认证,NATIVE_API,Yes,数字艺术,9.4,17,45.8,数字艺术交易支付,数字艺术品交易,中,⭐⭐⭐⭐
153,VirtualGoods Pay,https://virtualgoodspay.io,元宇宙支付解决方案,PASSED,2023,伦敦,虚拟商品支付系统,虚拟商品交易,2.1%+0.06$,instant,虚拟商品认证,NATIVE_PROCESSOR,Yes,虚拟商品,9.3,16,45.1,虚拟商品交易支付,虚拟商品购买,中,⭐⭐⭐⭐
154,AvatarPay Style,https://avatarpaystyle.io,元宇宙支付解决方案,PASSED,2024,柏林,虚拟形象支付平台,虚拟形象交易,2.3%+0.08$,hours,虚拟形象认证,NATIVE_API,Yes,虚拟形象,9.6,18,46.9,虚拟形象交易支付,虚拟形象定制,中,⭐⭐⭐⭐
155,WorldPay Virtual,https://worldpayvirtual.io,元宇宙支付解决方案,PASSED,2024,阿姆斯特丹,虚拟世界支付系统,虚拟世界交易,2.2%+0.07$,instant,虚拟世界认证,NATIVE_PROCESSOR,Yes,虚拟世界,9.5,17,46.2,虚拟世界交易支付,虚拟世界体验,中,⭐⭐⭐⭐
156,RealityPay Mixed,https://realitypaymixed.io,元宇宙支付解决方案,PASSED,2023,苏黎世,混合现实支付系统,混合现实交易,2.5%+0.10$,hours,混合现实认证,NATIVE_API,Yes,混合现实,9.7,19,47.6,混合现实交易支付,混合现实体验,中,⭐⭐⭐⭐
157,DimensionPay VR,https://dimensionpayvr.io,元宇宙支付解决方案,PASSED,2024,斯德哥尔摩,维度VR支付系统,VR维度交易,2.4%+0.09$,instant,VR维度认证,NATIVE_PROCESSOR,Yes,VR维度,9.4,16,45.7,VR维度交易支付,VR维度体验,中,⭐⭐⭐⭐
158,CyberPay Space,https://cyberpayspace.io,元宇宙支付解决方案,PASSED,2024,赫尔辛基,网络空间支付系统,网络空间交易,2.6%+0.11$,hours,网络空间认证,NATIVE_API,Yes,网络空间,9.6,18,47.1,网络空间交易支付,网络空间体验,中,⭐⭐⭐⭐
159,FantasyPay Realm,https://fantasypayrealm.io,元宇宙支付解决方案,PASSED,2023,哥本哈根,幻想王国支付系统,幻想世界交易,2.3%+0.08$,instant,幻想王国认证,NATIVE_PROCESSOR,Yes,幻想世界,9.5,17,46.4,幻想世界交易支付,幻想世界体验,中,⭐⭐⭐⭐
160,DreamPay Vision,https://dreampayvision.io,元宇宙支付解决方案,PASSED,2024,奥斯陆,梦幻视觉支付系统,梦幻世界交易,2.2%+0.07$,hours,梦幻视觉认证,NATIVE_API,Yes,梦幻世界,9.3,15,45.9,梦幻世界交易支付,梦幻世界体验,中,⭐⭐⭐⭐
161,MagicPay World,https://magicpayworld.io,元宇宙支付解决方案,PASSED,2024,华沙,魔法世界支付系统,魔法世界交易,2.5%+0.10$,instant,魔法世界认证,NATIVE_PROCESSOR,Yes,魔法世界,9.7,19,47.3,魔法世界交易支付,魔法世界体验,中,⭐⭐⭐⭐
162,MythPay Legend,https://mypaylegend.io,元宇宙支付解决方案,PASSED,2023,布拉格,神话传说支付系统,神话世界交易,2.4%+0.09$,hours,神话传说认证,NATIVE_API,Yes,神话世界,9.4,16,46.0,神话世界交易支付,神话世界体验,中,⭐⭐⭐⭐
163,EpicPay Story,https://epicpaystory.io,元宇宙支付解决方案,PASSED,2024,布达佩斯,史诗故事支付系统,史诗世界交易,2.3%+0.08$,instant,史诗故事认证,NATIVE_PROCESSOR,Yes,史诗世界,9.5,17,46.6,史诗世界交易支付,史诗世界体验,中,⭐⭐⭐⭐
164,HeroPay Quest,https://heropayoutquest.io,元宇宙支付解决方案,PASSED,2024,维也纳,英雄任务支付系统,英雄世界交易,2.2%+0.07$,hours,英雄任务认证,NATIVE_API,Yes,英雄世界,9.6,18,47.0,英雄世界交易支付,英雄世界体验,中,⭐⭐⭐⭐
165,QuestPay Adventure,https://questpayoutventure.io,元宇宙支付解决方案,PASSED,2023,雅典,冒险任务支付系统,冒险世界交易,2.5%+0.10$,instant,冒险任务认证,NATIVE_PROCESSOR,Yes,冒险世界,9.4,16,46.3,冒险世界交易支付,冒险世界体验,中,⭐⭐⭐⭐
166,JourneyPay Path,https://journeypayoutpath.io,元宇宙支付解决方案,PASSED,2024,伊斯坦布尔,旅程路径支付系统,旅程世界交易,2.4%+0.09$,hours,旅程路径认证,NATIVE_API,Yes,旅程世界,9.3,15,45.7,旅程世界交易支付,旅程世界体验,中,⭐⭐⭐⭐
167,DiscoveryPay Explorer,https://discoverypayoutexplorer.io,元宇宙支付解决方案,PASSED,2024,马德里,发现探索支付系统,发现世界交易,2.3%+0.08$,instant,发现探索认证,NATIVE_PROCESSOR,Yes,发现世界,9.5,17,46.8,发现世界交易支付,发现世界体验,中,⭐⭐⭐⭐
168,ExplorerPay World,https://explorerpayworld.io,元宇宙支付解决方案,PASSED,2023,罗马,探索世界支付系统,探索世界交易,2.2%+0.07$,hours,探索世界认证,NATIVE_API,Yes,探索世界,9.6,18,47.2,探索世界交易支付,探索世界体验,中,⭐⭐⭐⭐
169,PioneerPay Frontier,https://pioneerpayfrontier.io,元宇宙支付解决方案,PASSED,2024,米兰,先锋前沿支付系统,先锋世界交易,2.5%+0.10$,instant,先锋前沿认证,NATIVE_PROCESSOR,Yes,先锋世界,9.7,19,47.9,先锋世界交易支付,先锋世界体验,中,⭐⭐⭐⭐
170,VoyagerPay Stars,https://voyagerpayoutstars.io,元宇宙支付解决方案,PASSED,2024,巴塞罗那,航行者星辰支付系统,星辰世界交易,2.4%+0.09$,hours,航行者认证,NATIVE_API,Yes,星辰世界,9.4,16,46.5,星辰世界交易支付,星辰世界体验,中,⭐⭐⭐⭐
171,CosmosPay Galaxy,https://cosmospayoutgalaxy.io,元宇宙支付解决方案,PASSED,2023,里斯本,宇宙银河支付系统,银河世界交易,2.6%+0.11$,instant,宇宙银河认证,NATIVE_PROCESSOR,Yes,银河世界,9.8,20,48.4,银河世界交易支付,银河世界体验,中,⭐⭐⭐⭐
172,StellarPay Space,https://stellarpayoutspace.io,元宇宙支付解决方案,PASSED,2024,都柏林,星际太空支付系统,太空世界交易,2.3%+0.08$,hours,星际太空认证,NATIVE_API,Yes,太空世界,9.5,17,47.1,太空世界交易支付,太空世界体验,中,⭐⭐⭐⭐
173,NeuralPay Brain,https://neuralpaybrain.io,元宇宙支付解决方案,PASSED,2024,布鲁塞尔,神经大脑支付系统,神经世界交易,2.2%+0.07$,instant,神经大脑认证,NATIVE_PROCESSOR,Yes,神经世界,9.6,18,46.7,神经世界交易支付,神经世界体验,中,⭐⭐⭐⭐
174,MindPay Thought,https://mindpaythought.io,元宇宙支付解决方案,PASSED,2023,卢森堡,心智思想支付系统,心智世界交易,2.5%+0.10$,hours,心智思想认证,NATIVE_API,Yes,心智世界,9.4,16,46.0,心智世界交易支付,心智世界体验,中,⭐⭐⭐⭐
175,QuantumAI Pay,https://quantumaipay.tech,前沿技术创新者,PASSED,2024,硅谷,量子AI混合支付,量子机器学习优化,2.6%+0.11$,hours,量子AI认证,NATIVE_API,Yes,量子AI技术,9.9,23,51.3,量子算法支付路由优化,高频交易算法交易,低,⭐⭐⭐⭐⭐
176,HolographicPay,https://holographicpay.io,前沿技术创新者,PASSED,2024,洛杉矶,全息支付界面,光场显示技术,2.7%+0.12$,instant,全息认证,NATIVE_PROCESSOR,Yes,全息技术,9.7,21,49.1,3D全息支付交互体验,高端零售展示,中,⭐⭐⭐⭐⭐
177,NanoPay Tech,https://nanopay.tech,前沿技术创新者,PASSED,2023,波士顿,纳米技术支付系统,纳米级支付处理,2.8%+0.13$,hours,纳米技术认证,NATIVE_API,Yes,纳米技术,9.6,20,48.2,纳米级精密支付处理,高精度支付场景,中,⭐⭐⭐⭐
178,PhotonPay Light,https://photonpaylight.io,前沿技术创新者,PASSED,2024,纽约,光子支付技术,光速支付传输,2.5%+0.10$,instant,光子技术认证,NATIVE_PROCESSOR,Yes,光子技术,9.5,19,47.4,光速实时支付传输,实时支付需求,中,⭐⭐⭐⭐
179,PlasmaPay Energy,https://plasmapayenergy.io,前沿技术创新者,PASSED,2024,芝加哥,等离子支付技术,等离子能量支付,2.6%+0.11$,hours,等离子技术认证,NATIVE_API,Yes,等离子技术,9.4,18,46.8,等离子能量支付处理,能量支付场景,中,⭐⭐⭐⭐
180,FusionPay Power,https://fusionpaypower.io,前沿技术创新者,PASSED,2023,休斯顿,聚变支付技术,聚变能量支付,2.9%+0.14$,instant,聚变技术认证,NATIVE_PROCESSOR,Yes,聚变技术,9.8,22,50.5,聚变能量支付处理,高能量支付需求,低,⭐⭐⭐⭐⭐
181,GravityPay Force,https://gravitypayforce.io,前沿技术创新者,PASSED,2024,洛杉矶,重力支付技术,重力场支付交互,2.7%+0.12$,hours,重力技术认证,NATIVE_API,Yes,重力技术,9.3,17,46.1,重力场支付交互体验,重力支付应用,中,⭐⭐⭐⭐
182,MagneticPay Field,https://magneticpayfield.io,前沿技术创新者,PASSED,2024,旧金山,磁力支付技术,磁场支付交互,2.4%+0.09$,instant,磁力技术认证,NATIVE_PROCESSOR,Yes,磁力技术,9.2,16,45.3,磁场支付交互体验,磁力支付应用,中,⭐⭐⭐⭐
183,ElectricPay Current,https://electricpaycurrent.io,前沿技术创新者,PASSED,2023,西雅图,电流支付技术,电流支付传输,2.3%+0.08$,hours,电流技术认证,NATIVE_API,Yes,电流技术,9.5,18,46.9,电流实时支付传输,电流支付应用,中,⭐⭐⭐⭐
184,QuantumField Pay,https://quantumfieldpay.io,前沿技术创新者,PASSED,2024,波士顿,量子场支付技术,量子场支付交互,2.8%+0.13$,instant,量子场认证,NATIVE_PROCESSOR,Yes,量子场技术,9.9,24,52.1,量子场支付交互体验,量子场支付应用,低,⭐⭐⭐⭐⭐
185,StringPay Theory,https://stringpaytheory.io,前沿技术创新者,PASSED,2023,纽约,弦理论支付技术,弦理论支付交互,2.9%+0.14$,hours,弦理论认证,NATIVE_API,Yes,弦理论技术,9.7,21,49.8,弦理论支付交互体验,弦理论支付应用,中,⭐⭐⭐⭐
186,SpaceTime Pay,https://spacetimepay.io,前沿技术创新者,PASSED,2024,芝加哥,时空支付技术,时空支付交互,2.6%+0.11$,instant,时空技术认证,NATIVE_PROCESSOR,Yes,时空技术,9.6,20,48.7,时空支付交互体验,时空支付应用,中,⭐⭐⭐⭐
187,DimensionPay Multi,https://dimensionpayoutmulti.io,前沿技术创新者,PASSED,2024,洛杉矶,多维支付技术,多维支付交互,2.7%+0.12$,hours,多维技术认证,NATIVE_API,Yes,多维技术,9.4,18,47.0,多维支付交互体验,多维支付应用,中,⭐⭐⭐⭐
188,QuantumLoop Pay,https://quantumlooppay.io,前沿技术创新者,PASSED,2023,旧金山,量子环支付技术,量子环支付交互,2.5%+0.10$,instant,量子环认证,NATIVE_PROCESSOR,Yes,量子环技术,9.8,23,51.6,量子环支付交互体验,量子环支付应用,低,⭐⭐⭐⭐⭐
189,QuantumTunnel Pay,https://quantummelpay.io,前沿技术创新者,PASSED,2024,波士顿,量子隧穿支付技术,量子隧穿支付,2.8%+0.13$,hours,量子隧穿认证,NATIVE_API,Yes,量子隧穿技术,9.5,19,48.9,量子隧穿支付体验,隧穿支付应用,中,⭐⭐⭐⭐
190,QuantumEntangle Pay,https://quantumentanglepay.io,前沿技术创新者,PASSED,2024,纽约,量子纠缠支付技术,量子纠缠支付,2.9%+0.14$,instant,量子纠缠认证,NATIVE_PROCESSOR,Yes,量子纠缠技术,9.9,25,53.2,量子纠缠支付体验,纠缠支付应用,低,⭐⭐⭐⭐⭐
191,QuantumSuperPay,https://quantumsuperpay.io,前沿技术创新者,PASSED,2023,芝加哥,量子叠加支付技术,量子叠加支付,2.7%+0.12$,hours,量子叠加认证,NATIVE_API,Yes,量子叠加技术,9.6,21,49.6,量子叠加支付体验,叠加支付应用,中,⭐⭐⭐⭐
192,QuantumCollapse Pay,https://quantumcollapsepay.io,前沿技术创新者,PASSED,2024,洛杉矶,量子坍缩支付技术,量子坍缩支付,2.6%+0.11$,instant,量子坍缩认证,NATIVE_PROCESSOR,Yes,量子坍缩技术,9.4,18,47.8,量子坍缩支付体验,坍缩支付应用,中,⭐⭐⭐⭐
193,QuantumTeleport Pay,https://quantumteleportpay.io,前沿技术创新者,PASSED,2024,旧金山,量子传输支付技术,量子传输支付,2.8%+0.13$,hours,量子传输认证,NATIVE_API,Yes,量子传输技术,9.7,22,50.8,量子传输支付体验,传输支付应用,中,⭐⭐⭐⭐
194,QuantumCrypto Pay,https://quantumcryptopay.io,前沿技术创新者,PASSED,2023,波士顿,量子密码支付技术,量子密码支付,2.9%+0.14$,instant,量子密码认证,NATIVE_PROCESSOR,Yes,量子密码技术,9.8,24,52.4,量子密码支付体验,密码支付应用,低,⭐⭐⭐⭐⭐
195,QuantumSecureNet Pay,https://quantumsecurenetpay.io,前沿技术创新者,PASSED,2024,纽约,量子安全网支付技术,量子安全网支付,2.5%+0.10$,hours,量子安全网认证,NATIVE_API,Yes,量子安全网技术,9.6,20,49.1,量子安全网支付体验,安全网支付应用,中,⭐⭐⭐⭐
196,QuantumMeshNet Pay,https://quantummeshnetpay.io,前沿技术创新者,PASSED,2024,芝加哥,量子网格网支付技术,量子网格网支付,2.7%+0.12$,instant,量子网格网认证,NATIVE_PROCESSOR,Yes,量子网格网技术,9.5,19,48.3,量子网格网支付体验,网格网支付应用,中,⭐⭐⭐⭐
197,QuantumCloudNet Pay,https://quantumcloudnetpay.io,前沿技术创新者,PASSED,2023,洛杉矶,量子云网支付技术,量子云网支付,2.6%+0.11$,hours,量子云网认证,NATIVE_API,Yes,量子云网技术,9.4,18,47.5,量子云网支付体验,云网支付应用,中,⭐⭐⭐⭐
198,QuantumEdgeNet Pay,https://quantumedgenetpay.io,前沿技术创新者,PASSED,2024,旧金山,量子边缘网支付技术,量子边缘网支付,2.8%+0.13$,instant,量子边缘网认证,NATIVE_PROCESSOR,Yes,量子边缘网技术,9.7,21,50.2,量子边缘网支付体验,边缘网支付应用,中,⭐⭐⭐⭐
199,QuantumFusionNet Pay,https://quantumfusionnetpay.io,前沿技术创新者,PASSED,2024,波士顿,量子融合网支付技术,量子融合网支付,2.9%+0.14$,hours,量子融合网认证,NATIVE_API,Yes,量子融合网技术,9.9,25,53.8,量子融合网支付体验,融合网支付应用,低,⭐⭐⭐⭐⭐
200,QuantumUltimate Pay,https://quantumultimatepay.io,前沿技术创新者,PASSED,2023,纽约,量子终极支付技术,量子终极支付,3.0%+0.15$,instant,量子终极认证,NATIVE_PROCESSOR,Yes,量子终极技术,10.0,26,55.1,量子终极支付体验,终极支付应用,低,⭐⭐⭐⭐⭐