平台网站,行业类型,第一次到账时间,第二次到账时间,是否白标账户,是否单一账户,注册验证类型,置信度分数,推荐等级,备注
stripe.com,支付处理器,即时,即时,是,是,邮箱验证,0.95,A+,开发者首选
paypal.com,支付处理器,即时,即时,是,是,邮箱验证,0.95,A+,全球认可
squareup.com,支付处理器,1-2个工作日,1-2个工作日,是,是,邮箱验证,0.95,A+,一体化解决方案
helcim.com,支付处理器,1-2个工作日,1-2个工作日,是,是,邮箱验证,0.90,A,透明定价
adyen.com,支付处理器,1-2个工作日,1-2个工作日,是,是,企业审核,0.85,A,企业级
finix.com,嵌入式支付,1-3个工作日,1-3个工作日,是,是,企业审核,0.85,A,嵌入式领导者
dwolla.com,支付处理器,2-3个工作日,2-3个工作日,是,是,企业审核,0.85,A,ACH专家
usio.com,嵌入式支付,1-2个工作日,1-2个工作日,是,是,企业审核,0.85,A,嵌入式支付
seamlesschex.com,支付处理器,当日,当日,是,是,简单表单,0.80,B+,快速处理
dualpayments.com,支付处理器,1-2个工作日,1-2个工作日,是,是,简单表单,0.80,B+,零费用
braintree.com,支付处理器,1-2个工作日,1-2个工作日,是,是,人工审核,0.75,B+,需要审核
authorizenet.com,支付网关,1-2个工作日,1-2个工作日,是,是,人工审核,0.75,B+,安全性高
bluesnap.com,支付网关,1-3个工作日,1-3个工作日,是,是,人工审核,0.75,B+,平台友好
godaddy.com,支付处理,1-2个工作日,1-2个工作日,是,是,简单表单,0.75,B+,中小企业
muralpay.com,支付网关,1-2个工作日,1-2个工作日,是,是,KYC验证,0.70,C,稳定币基础
statrys.com,支付网关,1-3个工作日,1-3个工作日,是,是,KYC验证,0.70,C,国际支付
paymentcloudinc.com,支付处理,1-2个工作日,1-2个工作日,是,是,风险评估,0.70,C,高风险专家
crossriver.com,B2B银行服务,2-5个工作日,2-5个工作日,否,否,邀请制,0.65,D,需要邀请
aeropay.com,B2B银行服务,3-7个工作日,3-7个工作日,否,否,合作伙伴,0.65,D,需要关系
cybrid.com,银行即服务,2-4个工作日,2-4个工作日,否,否,合作伙伴,0.65,D,需要关系
checkbook.io,数字支票,1-2个工作日,1-2个工作日,否,否,邀请制,0.65,D,限制性注册
rainforestqa.com,嵌入式支付,3-7个工作日,3-7个工作日,是,否,严格审核,0.60,D,审核严格
tilled.com,支付即服务,2-5个工作日,2-5个工作日,是,否,企业审核,0.60,D,企业级
cardknox.com,白标签解决方案,2-4个工作日,2-4个工作日,是,否,企业审核,0.60,D,白标签方案
tipalti.com,全球支付分发,1-3个工作日,1-3个工作日,是,是,企业审核,0.60,D,全球分发
fastspring.com,商家记录模式,1-2个工作日,1-2个工作日,是,是,企业审核,0.60,D,MoR模式
cardx.io,支付处理,1-2个工作日,1-2个工作日,是,是,企业审核,0.60,D,零费用
fiska.com,SaaS嵌入式支付,2-4个工作日,2-4个工作日,是,否,企业审核,0.60,D,SaaS专用
bvnk.io,稳定币基础设施,1-2个工作日,1-2个工作日,是,是,KYC验证,0.60,D,稳定币
trustly.com,银行即支付,1-3个工作日,1-3个工作日,是,是,企业审核,0.55,E,企业专用
shopifypayments.com,电商平台,1-2个工作日,1-2个工作日,否,否,仅限商户,0.50,E,平台限制
woocommerce_payments.com,电商平台,1-2个工作日,1-2个工作日,否,否,仅限商户,0.50,E,平台限制
paypal.com,全球电子商务,即时,即时,是,是,邮箱验证,0.95,A+,全球领导者
stripe.com,开发者友好平台,即时,即时,是,是,邮箱验证,0.95,A+,API优先
square.com,移动优先解决方案,1-2个工作日,1-2个工作日,是,是,简单表单,0.95,A+,POS集成
helcim.com,中小企业透明定价,1-2个工作日,1-2个工作日,是,是,简单表单,0.90,A,成本效益高
adyen.com,企业级多币支持,1-2个工作日,1-2个工作日,是,是,企业审核,0.85,A,全球覆盖
finix.com,嵌入式支付领导者,1-3个工作日,1-3个工作日,是,是,企业审核,0.85,A,API优先
braintree.com,PayPal旗下,1-2个工作日,1-2个工作日,是,是,人工审核,0.75,B+,PayPal生态
authorizenet.com,Visa旗下安全网关,1-2个工作日,1-2个工作日,是,是,人工审核,0.75,B+,银行级安全
bluesnap.com,全栈支付平台,1-3个工作日,1-3个工作日,是,是,人工审核,0.75,B+,平台集成
muralpay.com,拉美稳定币支付,1-2个工作日,1-2个工作日,是,是,KYC验证,0.70,C,区域专家
seamlesschex.com,电子支票处理,当日,当日,是,是,简单表单,0.80,B+,创新技术
dualpayments.com,零费用处理模式,1-2个工作日,1-2个工作日,是,是,简单表单,0.80,B+,费用创新
paymentcloudinc.com,高风险支付专家,1-2个工作日,1-2个工作日,是,是,风险评估,0.70,C,垂直专业
usio.com,美国嵌入式支付,1-2个工作日,1-2个工作日,是,是,企业审核,0.85,A,美国本土
dwolla.com,美国ACH专家,2-3个工作日,2-3个工作日,是,是,企业审核,0.85,A,银行转账
crossriver.com,美国B2B银行,2-5个工作日,2-5个工作日,否,否,邀请制,0.65,D,B2B专精
aeropay.com,美国B2B银行,3-7个工作日,3-7个工作日,否,否,合作伙伴,0.65,D,B2B专精
checkbook.io,美国数字支票,1-2个工作日,1-2个工作日,否,否,邀请制,0.65,D,创新技术
rainforestqa.com,嵌入式支付平台,3-7个工作日,3-7个工作日,是,否,企业级,0.60,D,平台级
tilled.com,美国支付即服务,2-5个工作日,2-5个工作日,是,否,企业级,0.60,D,银行级
tipalti.com,全球支付分发专家,1-3个工作日,1-3个工作日,是,是,企业级,0.60,D,全球化
fastspring.com,商家记录MoR模式,1-2个工作日,1-2个工作日,是,是,企业级,0.60,D,简化合规
cardx.io,零费用信用卡处理,1-2个工作日,1-2个工作日,是,是,企业级,0.60,D,费用创新
bvnk.io,Circle支持的USDC基础设施,1-2个工作日,1-2个工作日,是,是,KYC验证,0.60,D,金融科技